Workbook

Sheet NBA
B1: Fecha | C1: Jugada | D1: Cuota | E1: Beneficio Neto | F1: Yield | G1: $ | H1: Jugada | I1: Diario | J1: Semanal | K1: Mensual | L1: Unidades
B2: 45971 | H2: Los Angeles Lakers
H3: Washington Wizards
H4: San Antonio Spurs
H5: New Orleans Pelicans
H6: Atlanta Hawks
H7: Charlotte Hornets
H8: Miami Heat
H9: Dallas Mavericks
H10: LA Clippers
H11: Los Angeles Lakers @ Charlotte Hornets
H12: Washington Wizards @ Detroit Pistons
H13: San Antonio Spurs @ Chicago Bulls
H14: Milwaukee Bucks @ Dallas Mavericks
H15: New Orleans Pelicans @ Phoenix Suns
H16: Atlanta Hawks @ LA Clippers | I16: =SUM(E2:E16) -> 0 | L16: =I16/C16 -> #DIV/0!
B17: 45972 | H17: Toronto Raptors
H18: Memphis Grizzlies
H19: Golden State Warriors
H20: Brooklyn Nets
H21: New York Knicks
H22: Oklahoma City Thunder
H23: Toronto Raptors @ Brooklyn Nets
H24: Memphis Grizzlies @ New York Knicks
H25: Golden State Warriors @ Oklahoma City Thunder | I25: =SUM(E17:E25) -> 0 | L25: =I25/C25 -> #DIV/0!
B26: 45973 | H26: Milwaukee Bucks
H27: Chicago Bulls
H28: Washington Wizards
H29: Phoenix Suns
H30: Charlotte Hornets
H31: Boston Celtics
H32: New Orleans Pelicans
H33: Dallas Mavericks
H34: Oklahoma City Thunder
H35: Sacramento Kings
H36: Milwaukee Bucks @ Charlotte Hornets
H37: Chicago Bulls @ Detroit Pistons
H38: Memphis Grizzlies @ Boston Celtics
... H41: Los Angeles Lakers @ Oklahoma City Thunder
H42: Atlanta Hawks @ Sacramento Kings | I42: =SUM(E26:E42) -> 0 | L42: =I42/C42 -> #DIV/0!
B43: 45974 | H43: Toronto Raptors
H44: Cleveland Cavaliers
H45: Phoenix Suns
H46: Utah Jazz
H47: Toronto Raptors @ Cleveland Cavaliers
H48: Indiana Pacers @ Phoenix Suns
H49: Atlanta Hawks @ Utah Jazz | I49: =SUM(E43:E49) -> 0 | L49: =I49/C49 -> #DIV/0!
B50: 45975 | H50: Miami Heat
H51: Brooklyn Nets
H52: Philadelphia 76ers
H53: Portland Trail Blazers
H54: Golden State Warriors
H55: Houston Rockets
H56: New Orleans Pelicans
H57: Dallas Mavericks
H58: San Antonio Spurs
H59: Miami Heat @ New York Knicks
H60: Portland Trail Blazers @ Houston Rockets
H61: Los Angeles Lakers @ New Orleans Pelicans
H62: LA Clippers @ Dallas Mavericks
H63: Golden State Warriors @ San Antonio Spurs | I63: =SUM(E50:E63) -> 0 | L63: =I63/C63 -> #DIV/0!
B64: 45976 | H64: Memphis Grizzlies
H65: Los Angeles Lakers
H66: Denver Nuggets
H67: Charlotte Hornets
H68: Indiana Pacers
H69: Milwaukee Bucks
H70: Memphis Grizzlies @ Cleveland Cavaliers
H71: Oklahoma City Thunder @ Charlotte Hornets
H72: Los Angeles Lakers @ Milwaukee Bucks | I72: =SUM(E64:E72) -> 0 | L72: =I72/C72 -> #DIV/0!
B73: 45977 | H73: LA Clippers
H74: Orlando Magic
H75: Portland Trail Blazers
H76: Atlanta Hawks
H77: Boston Celtics
H78: Washington Wizards
H79: Houston Rockets
H80: New Orleans Pelicans
H81: Dallas Mavericks
H82: Phoenix Suns
H83: LA Clippers @ Boston Celtics
H84: Orlando Magic @ Houston Rockets
H85: Golden State Warriors @ New Orleans Pelicans
H86: Portland Trail Blazers @ Dallas Mavericks
H87: Atlanta Hawks @ Phoenix Suns | I87: =SUM(E73:E87) -> 0 | J87: =SUM(E2:E87) -> 0 | L87: =I87/C87 -> #DIV/0!
B88: 45978 | H88: Milwaukee Bucks
H89: Indiana Pacers
H90: LA Clippers
H91: Dallas Mavericks
H92: Cleveland Cavaliers
H93: Miami Heat
H94: New Orleans Pelicans
H95: Milwaukee Bucks @ Cleveland Cavaliers
H96: Indiana Pacers @ Detroit Pistons
H97: LA Clippers @ Philadelphia 76ers
H98: Dallas Mavericks @ Minnesota Timberwolves
H99: Oklahoma City Thunder @ New Orleans Pelicans | I99: =SUM(E88:E99) -> 0 | L99: =I99/C99 -> #DIV/0!
B100: 45979 | H100: Golden State Warriors
H101: Memphis Grizzlies
H102: Orlando Magic
...

Sheet Jornada
A1: Fecha | B1: Partido | C1: Visitante | D1: Pro | E1: Real | F1: OU_V | G1: Home | H1: Pro2 | I1: Real3 | J1: O/U_H | K1: Tot | L1: Tot R | M1: O/U_T | N1: Dif | O1: Real4 | P1: W/L | Q1: Semana | R1: Mes
A2: 45951 | B2: Houston Rockets @ Oklahoma City Thunder | C2: =LEFT(B2,FIND("@",B2)-2) -> Houston Rockets | D2: 101 | E2: 124 | F2: =IF(E2>D2, 1, 0) -> 1 | G2: =MID(B2,FIND("@",B2)+2,LEN(B2)-FIND("@",B2)-1) -> Oklahoma City Thunder | H2: 114 | I2: 125 | J2: =IF(I2>H2, 1, 0) -> 1 | K2: =+D2+H2 -> 215 | L2: =E2+I2 -> 249 | M2: =IF(L2>K2, 1, 0) -> 1 | N2: =(+H2-D2) -> 13 | O2: =I2-E2 -> 1 | P2: =IF(OR(AND(N2>0,O2>0),AND(N2<0,O2<0)),1,0) -> 1 | Q2: =WEEKNUM(tblResultadosNBA[[#This Row],[Fecha]],2) -> 43 | R2: =TEXT(tblResultadosNBA[[#This Row],[Fecha]],"mmm") -> oct
A3: 45951 | B3: Golden State Warriors @ Los Angeles Lakers | C3: =LEFT(B3,FIND("@",B3)-2) -> Golden State Warriors | D3: 99 | E3: 119 | F3: =IF(E3>D3, 1, 0) -> 1 | G3: =MID(B3,FIND("@",B3)+2,LEN(B3)-FIND("@",B3)-1) -> Los Angeles Lakers | H3: 119 | I3: 109 | J3: =IF(I3>H3, 1, 0) -> 0 | K3: =+D3+H3 -> 218 | L3: =E3+I3 -> 228 | M3: =IF(L3>K3, 1, 0) -> 1 | N3: =(+H3-D3) -> 20 | O3: =I3-E3 -> -10 | P3: =IF(OR(AND(N3>0,O3>0),AND(N3<0,O3<0)),1,0) -> 0 | Q3: =WEEKNUM(tblResultadosNBA[[#This Row],[Fecha]],2) -> 43 | R3: =TEXT(tblResultadosNBA[[#This Row],[Fecha]],"mmm") -> oct
A4: 45952 | B4: Cleveland Cavaliers @ New York Knicks | C4: =LEFT(B4,FIND("@",B4)-2) -> Cleveland Cavaliers | D4: 94 | E4: 111 | F4: =IF(E4>D4, 1, 0) -> 1 | G4: =MID(B4,FIND("@",B4)+2,LEN(B4)-FIND("@",B4)-1) -> New York Knicks | H4: 117 | I4: 119 | J4: =IF(I4>H4, 1, 0) -> 1 | K4: =+D4+H4 -> 211 | L4: =E4+I4 -> 230 | M4: =IF(L4>K4, 1, 0) -> 1 | N4: =(+H4-D4) -> 23 | O4: =I4-E4 -> 8 | P4: =IF(OR(AND(N4>0,O4>0),AND(N4<0,O4<0)),1,0) -> 1 | Q4: =WEEKNUM(tblResultadosNBA[[#This Row],[Fecha]],2) -> 43 | R4: =TEXT(tblResultadosNBA[[#This Row],[Fecha]],"mmm") -> oct
A5: 45952 | B5: Brooklyn Nets @ Charlotte Hornets | C5: =LEFT(B5,FIND("@",B5)-2) -> Brooklyn Nets | D5: 109 | E5: 117 | F5: =IF(E5>D5, 1, 0) -> 1 | G5: =MID(B5,FIND("@",B5)+2,LEN(B5)-FIND("@",B5)-1) -> Charlotte Hornets | H5: 117 | I5: 136 | J5: =IF(I5>H5, 1, 0) -> 1 | K5: =+D5+H5 -> 226 | L5: =E5+I5 -> 253 | M5: =IF(L5>K5, 1, 0) -> 1 | N5: =(+H5-D5) -> 8 | O5: =I5-E5 -> 19 | P5: =IF(OR(AND(N5>0,O5>0),AND(N5<0,O5<0)),1,0) -> 1 | Q5: =WEEKNUM(tblResultadosNBA[[#This Row],[Fecha]],2) -> 43 | R5: =TEXT(tblResultadosNBA[[#This Row],[Fecha]],"mmm") -> oct
A6: 45952 | B6: Miami Heat @ Orlando Magic | C6: =LEFT(B6,FIND("@",B6)-2) -> Miami Heat | D6: 108 | E6: 121 | F6: =IF(E6>D6, 1, 0) -> 1 | G6: =MID(B6,FIND("@",B6)+2,LEN(B6)-FIND("@",B6)-1) -> Orlando Magic | H6: 120 | I6: 125 | J6: =IF(I6>H6, 1, 0) -> 1 | K6: =+D6+H6 -> 228 | L6: =E6+I6 -> 246 | M6: =IF(L6>K6, 1, 0) -> 1 | N6: =(+H6-D6) -> 12 | O6: =I6-E6 -> 4 | P6: =IF(OR(AND(N6>0,O6>0),AND(N6<0,O6<0)),1,0) -> 1 | Q6: =WEEKNUM(tblResultadosNBA[[#This Row],[Fecha]],2) -> 43 | R6: =TEXT(tblResultadosNBA[[#This Row],[Fecha]],"mmm") -> oct
A7: 45952 | B7: Toronto Raptors @ Atlanta Hawks | C7: =LEFT(B7,FIND("@",B7)-2) -> Toronto Raptors | D7: 104 | E7: 138 | F7: =IF(E7>D7, 1, 0) -> 1 | G7: =MID(B7,FIND("@",B7)+2,LEN(B7)-FIND("@",B7)-1) -> Atlanta Hawks | H7: 119 | I7: 118 | J7: =IF(I7>H7, 1, 0) -> 0 | K7: =+D7+H7 -> 223 | L7: =E7+I7 -> 256 | M7: =IF(L7>K7, 1, 0) -> 1 | N7: =(+H7-D7) -> 15 | O7: =I7-E7 -> -20 | P7: =IF(OR(AND(N7>0,O7>0),AND(N7<0,O7<0)),1,0) -> 0 | Q7: =WEEKNUM(tblResultadosNBA[[#This Row],[Fecha]],2) -> 43 | R7: =TEXT(tblResultadosNBA[[#This Row],[Fecha]],"mmm") -> oct
A8: 45952 | B8: Philadelphia 76ers @ Boston Celtics | C8: =LEFT(B8,FIND("@",B8)-2) -> Philadelphia 76ers | D8: 107 | E8: 117 | F8: =IF(E8>D8, 1, 0) -> 1 | G8: =MID(B8,FIND("@",B8)+2,LEN(B8)-FIND("@",B8)-1) -> Boston Celtics | H8: 128 | I8: 116 | J8: =IF(I8>H8, 1, 0) -> 0 | K8: =+D8+H8 -> 235 | L8: =E8+I8 -> 233 | M8: =IF(L8>K8, 1, 0) -> 0 | N8: =(+H8-D8) -> 21 | O8: =I8-E8 -> -1 | P8: =IF(OR(AND(N8>0,O8>0),AND(N8<0,O8<0)),1,0) -> 0 | Q8: =WEEKNUM(tblResultadosNBA[[#This Row],[Fecha]],2) -> 43 | R8: =TEXT(tblResultadosNBA[[#This Row],[Fecha]],"mmm") -> oct
A9: 45952 | B9: Detroit Pistons @ Chicago Bulls | C9: =LEFT(B9,FIND("@",B9)-2) -> Detroit Pistons | D9: 99 | E9: 111 | F9: =IF(E9>D9, 1, 0) -> 1 | G9: =MID(B9,FIND("@",B9)+2,LEN(B9)-FIND("@",B9)-1) -> Chicago Bulls | H9: 116 | I9: 105 | J9: =IF(I9>H9, 1, 0) -> 0 | K9: =+D9+H9 -> 215 | L9: =E9+I9 -> 216 | M9: =IF(L9>K9, 1, 0) -> 1 | N9: =(+H9-D9) -> 17 | O9: =I9-E9 -> -6 | P9: =IF(OR(AND(N9>0,O9>0),AND(N9<0,O9<0)),1,0) -> 0 | Q9: =WEEKNUM(tblResultadosNBA[[#This Row],[Fecha]],2) -> 43 | R9: =TEXT(tblResultadosNBA[[#This Row],[Fecha]],"mmm") -> oct
A10: 45952 | B10: New Orleans Pelicans @ Memphis Grizzlies | C10: =LEFT(B10,FIND("@",B10)-2) -> New Orleans Pelicans | D10: 109 | E10: 122 | F10: =IF(E10>D10, 1, 0) -> 1 | G10: =MID(B10,FIND("@",B10)+2,LEN(B10)-FIND("@",B10)-1) -> Memphis Grizzlies | H10: 118 | I10: 128 | J10: =IF(I10>H10, 1, 0) -> 1 | K10: =+D10+H10 -> 227 | L10: =E10+I10 -> 250 | M10: =IF(L10>K10, 1, 0) -> 1 | N10: =(+H10-D10) -> 9 | O10: =I10-E10 -> 6 | P10: =IF(OR(AND(N10>0,O10>0),AND(N10<0,O10<0)),1,0) -> 1 | Q10: =WEEKNUM(tblResultadosNBA[[#This Row],[Fecha]],2) -> 43 | R10: =TEXT(tblResultadosNBA[[#This Row],[Fecha]],"mmm") -> oct
A11: 45952 | B11: Washington Wizards @ Milwaukee Bucks | C11: =LEFT(B11,FIND("@",B11)-2) -> Washington Wizards | D11: 109 | E11: 120 | F11: =IF(E11>D11, 1, 0) -> 1 | G11: =MID(B11,FIND("@",B11)+2,LEN(B11)-FIND("@",B11)-1) -> Milwaukee Bucks | H11: 114 | I11: 133 | J11: =IF(I11>H11, 1, 0) -> 1 | K11: =+D11+H11 -> 223 | L11: =E11+I11 -> 253 | M11: =IF(L11>K11, 1, 0) -> 1 | N11: =(+H11-D11) -> 5 | O11: =I11-E11 -> 13 | P11: =IF(OR(AND(N11>0,O11>0),AND(N11<0,O11<0)),1,0) -> 1 | Q11: =WEEKNUM(tblResultadosNBA[[#This Row],[Fecha]],2) -> 43 | R11: =TEXT(tblResultadosNBA[[#This Row],[Fecha]],"mmm") -> oct
A12: 45952 | B12: LA Clippers @ Utah Jazz | C12: =LEFT(B12,FIND("@",B12)-2) -> LA Clippers | D12: 115 | E12: 108 | F12: =IF(E12>D12, 1, 0) -> 0 | G12: =MID(B12,FIND("@",B12)+2,LEN(B12)-FIND("@",B12)-1) -> Utah Jazz | H12: 118 | I12: 129 | J12: =IF(I12>H12, 1, 0) -> 1 | K12: =+D12+H12 -> 233 | L12: =E12+I12 -> 237 | M12: =IF(L12>K12, 1, 0) -> 1 | N12: =(+H12-D12) -> 3 | O12: =I12-E12 -> 21 | P12: =IF(OR(AND(N12>0,O12>0),AND(N12<0,O12<0)),1,0) -> 1 | Q12: =WEEKNUM(tblResultadosNBA[[#This Row],[Fecha]],2) -> 43 | R12: =TEXT(tblResultadosNBA[[#This Row],[Fecha]],"mmm") -> oct
A13: 45952 | B13: San Antonio Spurs @ Dallas Mavericks | C13: =LEFT(B13,FIND("@",B13)-2) -> San Antonio Spurs | D13: 103 | E13: 125 | F13: =IF(E13>D13, 1, 0) -> 1 | G13: =MID(B13,FIND("@",B13)+2,LEN(B13)-FIND("@",B13)-1) -> Dallas Mavericks | H13: 114 | I13: 92 | J13: =IF(I13>H13, 1, 0) -> 0 | K13: =+D13+H13 -> 217 | L13: =E13+I13 -> 217 | M13: =IF(L13>K13, 1, 0) -> 0 | N13: =(+H13-D13) -> 11 | O13: =I13-E13 -> -33 | P13: =IF(OR(AND(N13>0,O13>0),AND(N13<0,O13<0)),1,0) -> 0 | Q13: =WEEKNUM(tblResultadosNBA[[#This Row],[Fecha]],2) -> 43 | R13: =TEXT(tblResultadosNBA[[#This Row],[Fecha]],"mmm") -> oct
... A299: 45991 | B299: Memphis Grizzlies @ Sacramento Kings | C299: =LEFT(B299,FIND("@",B299)-2) -> Memphis Grizzlies | D299: 120 | E299: 115 | F299: =IF(E299>D299, 1, 0) -> 0 | G299: =MID(B299,FIND("@",B299)+2,LEN(B299)-FIND("@",B299)-1) -> Sacramento Kings | H299: 113 | I299: 107 | J299: =IF(I299>H299, 1, 0) -> 0 | K299: =+D299+H299 -> 233 | L299: =E299+I299 -> 222 | M299: =IF(L299>K299, 1, 0) -> 0 | N299: =(+H299-D299) -> -7 | O299: =I299-E299 -> -8 | P299: =IF(OR(AND(N299>0,O299>0),AND(N299<0,O299<0)),1,0) -> 1 | Q299: =WEEKNUM(tblResultadosNBA[[#This Row],[Fecha]],2) -> 48 | R299: =TEXT(tblResultadosNBA[[#This Row],[Fecha]],"mmm") -> nov
A300: 45991 | B300: New Orleans Pelicans @ Los Angeles Lakers | C300: =LEFT(B300,FIND("@",B300)-2) -> New Orleans Pelicans | D300: 104 | E300: 121 | F300: =IF(E300>D300, 1, 0) -> 1 | G300: =MID(B300,FIND("@",B300)+2,LEN(B300)-FIND("@",B300)-1) -> Los Angeles Lakers | H300: 113 | I300: 133 | J300: =IF(I300>H300, 1, 0) -> 1 | K300: =+D300+H300 -> 217 | L300: =E300+I300 -> 254 | M300: =IF(L300>K300, 1, 0) -> 1 | N300: =(+H300-D300) -> 9 | O300: =I300-E300 -> 12 | P300: =IF(OR(AND(N300>0,O300>0),AND(N300<0,O300<0)),1,0) -> 1 | Q300: =WEEKNUM(tblResultadosNBA[[#This Row],[Fecha]],2) -> 48 | R300: =TEXT(tblResultadosNBA[[#This Row],[Fecha]],"mmm") -> nov | S300: ENTRENAMIENTO
A301: 45992 | B301: Atlanta Hawks @ Detroit Pistons | C301: =LEFT(B301,FIND("@",B301)-2) -> Atlanta Hawks | D301: 132 | E301: 98 | F301: =IF(E301>D301, 1, 0) -> 0 | G301: =MID(B301,FIND("@",B301)+2,LEN(B301)-FIND("@",B301)-1) -> Detroit Pistons | H301: 121 | I301: 99 | J301: =IF(I301>H301, 1, 0) -> 0 | K301: =+D301+H301 -> 253 | L301: =E301+I301 -> 197 | M301: =IF(L301>K301, 1, 0) -> 0 | N301: =(+H301-D301) -> -11 | O301: =I301-E301 -> 1 | P301: =IF(OR(AND(N301>0,O301>0),AND(N301<0,O301<0)),1,0) -> 0 | Q301: =WEEKNUM(tblResultadosNBA[[#This Row],[Fecha]],2) -> 49 | R301: =TEXT(tblResultadosNBA[[#This Row],[Fecha]],"mmm") -> dic
A302: 45992 | B302: Cleveland Cavaliers @ Indiana Pacers | C302: =LEFT(B302,FIND("@",B302)-2) -> Cleveland Cavaliers | D302: 120 | E302: 135 | F302: =IF(E302>D302, 1, 0) -> 1 | G302: =MID(B302,FIND("@",B302)+2,LEN(B302)-FIND("@",B302)-1) -> Indiana Pacers | H302: 116 | I302: 119 | J302: =IF(I302>H302, 1, 0) -> 1 | K302: =+D302+H302 -> 236 | L302: =E302+I302 -> 254 | M302: =IF(L302>K302, 1, 0) -> 1 | N302: =(+H302-D302) -> -4 | O302: =I302-E302 -> -16 | P302: =IF(OR(AND(N302>0,O302>0),AND(N302<0,O302<0)),1,0) -> 1 | Q302: =WEEKNUM(tblResultadosNBA[[#This Row],[Fecha]],2) -> 49 | R302: =TEXT(tblResultadosNBA[[#This Row],[Fecha]],"mmm") -> dic
A303: 45992 | B303: Milwaukee Bucks @ Washington Wizards | C303: =LEFT(B303,FIND("@",B303)-2) -> Milwaukee Bucks | D303: 116 | E303: 126 | F303: =IF(E303>D303, 1, 0) -> 1 | G303: =MID(B303,FIND("@",B303)+2,LEN(B303)-FIND("@",B303)-1) -> Washington Wizards | H303: 124 | I303: 129 | J303: =IF(I303>H303, 1, 0) -> 1 | K303: =+D303+H303 -> 240 | L303: =E303+I303 -> 255 | M303: =IF(L303>K303, 1, 0) -> 1 | N303: =(+H303-D303) -> 8 | O303: =I303-E303 -> 3 | P303: =IF(OR(AND(N303>0,O303>0),AND(N303<0,O303<0)),1,0) -> 1 | Q303: =WEEKNUM(tblResultadosNBA[[#This Row],[Fecha]],2) -> 49 | R303: =TEXT(tblResultadosNBA[[#This Row],[Fecha]],"mmm") -> dic
A304: 45992 | B304: Charlotte Hornets @ Brooklyn Nets | C304: =LEFT(B304,FIND("@",B304)-2) -> Charlotte Hornets | D304: 115 | E304: 103 | F304: =IF(E304>D304, 1, 0) -> 0 | G304: =MID(B304,FIND("@",B304)+2,LEN(B304)-FIND("@",B304)-1) -> Brooklyn Nets | H304: 113 | I304: 116 | J304: =IF(I304>H304, 1, 0) -> 1 | K304: =+D304+H304 -> 228 | L304: =E304+I304 -> 219 | M304: =IF(L304>K304, 1, 0) -> 0 | N304: =(+H304-D304) -> -2 | O304: =I304-E304 -> 13 | P304: =IF(OR(AND(N304>0,O304>0),AND(N304<0,O304<0)),1,0) -> 0 | Q304: =WEEKNUM(tblResultadosNBA[[#This Row],[Fecha]],2) -> 49 | R304: =TEXT(tblResultadosNBA[[#This Row],[Fecha]],"mmm") -> dic
A305: 45992 | B305: LA Clippers @ Miami Heat | C305: =LEFT(B305,FIND("@",B305)-2) -> LA Clippers | D305: 117 | E305: 123 | F305: =IF(E305>D305, 1, 0) -> 1 | G305: =MID(B305,FIND("@",B305)+2,LEN(B305)-FIND("@",B305)-1) -> Miami Heat | H305: 111 | I305: 140 | J305: =IF(I305>H305, 1, 0) -> 1 | K305: =+D305+H305 -> 228 | L305: =E305+I305 -> 263 | M305: =IF(L305>K305, 1, 0) -> 1 | N305: =(+H305-D305) -> -6 | O305: =I305-E305 -> 17 | P305: =IF(OR(AND(N305>0,O305>0),AND(N305<0,O305<0)),1,0) -> 0 | Q305: =WEEKNUM(tblResultadosNBA[[#This Row],[Fecha]],2) -> 49 | R305: =TEXT(tblResultadosNBA[[#This Row],[Fecha]],"mmm") -> dic
A306: 45992 | B306: Chicago Bulls @ Orlando Magic | C306: =LEFT(B306,FIND("@",B306)-2) -> Chicago Bulls | D306: 117 | E306: 120 | F306: =IF(E306>D306, 1, 0) -> 1 | G306: =MID(B306,FIND("@",B306)+2,LEN(B306)-FIND("@",B306)-1) -> Orlando Magic | H306: 122 | I306: 125 | J306: =IF(I306>H306, 1, 0) -> 1 | K306: =+D306+H306 -> 239 | L306: =E306+I306 -> 245 | M306: =IF(L306>K306, 1, 0) -> 1 | N306: =(+H306-D306) -> 5 | O306: =I306-E306 -> 5 | P306: =IF(OR(AND(N306>0,O306>0),AND(N306<0,O306<0)),1,0) -> 1 | Q306: =WEEKNUM(tblResultadosNBA[[#This Row],[Fecha]],2) -> 49 | R306: =TEXT(tblResultadosNBA[[#This Row],[Fecha]],"mmm") -> dic
A307: 45992 | B307: Dallas Mavericks @ Denver Nuggets | C307: =LEFT(B307,FIND("@",B307)-2) -> Dallas Mavericks | D307: 112 | E307: 131 | F307: =IF(E307>D307, 1, 0) -> 1 | G307: =MID(B307,FIND("@",B307)+2,LEN(B307)-FIND("@",B307)-1) -> Denver Nuggets | H307: 108 | I307: 121 | J307: =IF(I307>H307, 1, 0) -> 1 | K307: =+D307+H307 -> 220 | L307: =E307+I307 -> 252 | M307: =IF(L307>K307, 1, 0) -> 1 | N307: =(+H307-D307) -> -4 | O307: =I307-E307 -> -10 | P307: =IF(OR(AND(N307>0,O307>0),AND(N307<0,O307<0)),1,0) -> 1 | Q307: =WEEKNUM(tblResultadosNBA[[#This Row],[Fecha]],2) -> 49 | R307: =TEXT(tblResultadosNBA[[#This Row],[Fecha]],"mmm") -> dic
A308: 45992 | B308: Houston Rockets @ Utah Jazz | C308: =LEFT(B308,FIND("@",B308)-2) -> Houston Rockets | D308: 123 | E308: 125 | F308: =IF(E308>D308, 1, 0) -> 1 | G308: =MID(B308,FIND("@",B308)+2,LEN(B308)-FIND("@",B308)-1) -> Utah Jazz | H308: 124 | I308: 133 | J308: =IF(I308>H308, 1, 0) -> 1 | K308: =+D308+H308 -> 247 | L308: =E308+I308 -> 258 | M308: =IF(L308>K308, 1, 0) -> 1 | N308: =(+H308-D308) -> 1 | O308: =I308-E308 -> 8 | P308: =IF(OR(AND(N308>0,O308>0),AND(N308<0,O308<0)),1,0) -> 1 | Q308: =WEEKNUM(tblResultadosNBA[[#This Row],[Fecha]],2) -> 49 | R308: =TEXT(tblResultadosNBA[[#This Row],[Fecha]],"mmm") -> dic
A309: 45992 | B309: Phoenix Suns @ Los Angeles Lakers | C309: =LEFT(B309,FIND("@",B309)-2) -> Phoenix Suns | D309: 119 | E309: 125 | F309: =IF(E309>D309, 1, 0) -> 1 | G309: =MID(B309,FIND("@",B309)+2,LEN(B309)-FIND("@",B309)-1) -> Los Angeles Lakers | H309: 124 | I309: 108 | J309: =IF(I309>H309, 1, 0) -> 0 | K309: =+D309+H309 -> 243 | L309: =E309+I309 -> 233 | M309: =IF(L309>K309, 1, 0) -> 0 | N309: =(+H309-D309) -> 5 | O309: =I309-E309 -> -17 | P309: =IF(OR(AND(N309>0,O309>0),AND(N309<0,O309<0)),1,0) -> 0 | Q309: =WEEKNUM(tblResultadosNBA[[#This Row],[Fecha]],2) -> 49 | R309: =TEXT(tblResultadosNBA[[#This Row],[Fecha]],"mmm") -> dic
A310: 45993 | B310: Washington Wizards @ Philadelphia 76ers | C310: =LEFT(B310,FIND("@",B310)-2) -> Washington Wizards | D310: 126 | E310: 102 | F310: =IF(E310>D310, 1, 0) -> 0 | G310: =MID(B310,FIND("@",B310)+2,LEN(B310)-FIND("@",B310)-1) -> Philadelphia 76ers | H310: 130 | I310: 121 | J310: =IF(I310>H310, 1, 0) -> 0 | K310: =+D310+H310 -> 256 | L310: =E310+I310 -> 223 | M310: =IF(L310>K310, 1, 0) -> 0 | N310: =(+H310-D310) -> 4 | O310: =I310-E310 -> 19 | P310: =IF(OR(AND(N310>0,O310>0),AND(N310<0,O310<0)),1,0) -> 1 | Q310: =WEEKNUM(tblResultadosNBA[[#This Row],[Fecha]],2) -> 49 | R310: =TEXT(tblResultadosNBA[[#This Row],[Fecha]],"mmm") -> dic
A311: 45993 | B311: Portland Trail Blazers @ Toronto Raptors | C311: =LEFT(B311,FIND("@",B311)-2) -> Portland Trail Blazers | D311: 113 | E311: 118 | F311: =IF(E311>D311, 1, 0) -> 1 | G311: =MID(B311,FIND("@",B311)+2,LEN(B311)-FIND("@",B311)-1) -> Toronto Raptors | H311: 120 | I311: 121 | J311: =IF(I311>H311, 1, 0) -> 1 | K311: =+D311+H311 -> 233 | L311: =E311+I311 -> 239 | M311: =IF(L311>K311, 1, 0) -> 1 | N311: =(+H311-D311) -> 7 | O311: =I311-E311 -> 3 | P311: =IF(OR(AND(N311>0,O311>0),AND(N311<0,O311<0)),1,0) -> 1 | Q311: =WEEKNUM(tblResultadosNBA[[#This Row],[Fecha]],2) -> 49 | R311: =TEXT(tblResultadosNBA[[#This Row],[Fecha]],"mmm") -> dic
A312: 45993 | B312: New York Knicks @ Boston Celtics | C312: =LEFT(B312,FIND("@",B312)-2) -> New York Knicks | D312: 107 | E312: 117 | F312: =IF(E312>D312, 1, 0) -> 1 | G312: =MID(B312,FIND("@",B312)+2,LEN(B312)-FIND("@",B312)-1) -> Boston Celtics | H312: 126 | I312: 123 | J312: =IF(I312>H312, 1, 0) -> 0 | K312: =+D312+H312 -> 233 | L312: =E312+I312 -> 240 | M312: =IF(L312>K312, 1, 0) -> 1 | N312: =(+H312-D312) -> 19 | O312: =I312-E312 -> 6 | P312: =IF(OR(AND(N312>0,O312>0),AND(N312<0,O312<0)),1,0) -> 1 | Q312: =WEEKNUM(tblResultadosNBA[[#This Row],[Fecha]],2) -> 49 | R312: =TEXT(tblResultadosNBA[[#This Row],[Fecha]],"mmm") -> dic
... A485: 46020 | B485: Dallas Mavericks @ Portland Trail Blazers | C485: =LEFT(B485,FIND("@",B485)-2) -> Dallas Mavericks | D485: 119 | E485: 122 | F485: =IF(E485>D485, 1, 0) -> 1 | G485: =MID(B485,FIND("@",B485)+2,LEN(B485)-FIND("@",B485)-1) -> Portland Trail Blazers | H485: 123 | I485: 125 | J485: =IF(I485>H485, 1, 0) -> 1 | K485: =+D485+H485 -> 242 | L485: =E485+I485 -> 247 | M485: =IF(L485>K485, 1, 0) -> 1 | N485: =(+H485-D485) -> 4 | O485: =I485-E485 -> 3 | P485: =IF(OR(AND(N485>0,O485>0),AND(N485<0,O485<0)),1,0) -> 1 | Q485: =WEEKNUM(tblResultadosNBA[[#This Row],[Fecha]],2) -> 53 | R485: =TEXT(tblResultadosNBA[[#This Row],[Fecha]],"mmm") -> dic
A486: 46021 | B486: Philadelphia 76ers @ Memphis Grizzlies | C486: =LEFT(B486,FIND("@",B486)-2) -> Philadelphia 76ers | D486: 128 | E486: 139 | F486: =IF(E486>D486, 1, 0) -> 1 | G486: =MID(B486,FIND("@",B486)+2,LEN(B486)-FIND("@",B486)-1) -> Memphis Grizzlies | H486: 119 | I486: 136 | J486: =IF(I486>H486, 1, 0) -> 1 | K486: =+D486+H486 -> 247 | L486: =E486+I486 -> 275 | M486: =IF(L486>K486, 1, 0) -> 1 | N486: =(+H486-D486) -> -9 | O486: =I486-E486 -> -3 | P486: =IF(OR(AND(N486>0,O486>0),AND(N486<0,O486<0)),1,0) -> 1 | Q486: =WEEKNUM(tblResultadosNBA[[#This Row],[Fecha]],2) -> 53 | R486: =TEXT(tblResultadosNBA[[#This Row],[Fecha]],"mmm") -> dic | S486: =tblResultadosNBA[[#This Row],[Real]]-tblResultadosNBA[[#This Row],[Pro]] -> 11 | T486: =tblResultadosNBA[[#This Row],[Real3]]-tblResultadosNBA[[#This Row],[Pro2]] -> 17 | U486: =tblResultadosNBA[[#This Row],[Tot R]]-tblResultadosNBA[[#This Row],[Tot]] -> 28
A487: 46021 | B487: Boston Celtics @ Utah Jazz | C487: =LEFT(B487,FIND("@",B487)-2) -> Boston Celtics | D487: 122 | E487: 125 | F487: =IF(E487>D487, 1, 0) -> 1 | G487: =MID(B487,FIND("@",B487)+2,LEN(B487)-FIND("@",B487)-1) -> Utah Jazz | H487: 121 | I487: 119 | J487: =IF(I487>H487, 1, 0) -> 0 | K487: =+D487+H487 -> 243 | L487: =E487+I487 -> 244 | M487: =IF(L487>K487, 1, 0) -> 1 | N487: =(+H487-D487) -> -1 | O487: =I487-E487 -> -6 | P487: =IF(OR(AND(N487>0,O487>0),AND(N487<0,O487<0)),1,0) -> 1 | Q487: =WEEKNUM(tblResultadosNBA[[#This Row],[Fecha]],2) -> 53 | R487: =TEXT(tblResultadosNBA[[#This Row],[Fecha]],"mmm") -> dic
A488: 46021 | B488: Detroit Pistons @ Los Angeles Lakers | C488: =LEFT(B488,FIND("@",B488)-2) -> Detroit Pistons | D488: 107 | E488: 128 | F488: =IF(E488>D488, 1, 0) -> 1 | G488: =MID(B488,FIND("@",B488)+2,LEN(B488)-FIND("@",B488)-1) -> Los Angeles Lakers | H488: 119 | I488: 106 | J488: =IF(I488>H488, 1, 0) -> 0 | K488: =+D488+H488 -> 226 | L488: =E488+I488 -> 234 | M488: =IF(L488>K488, 1, 0) -> 1 | N488: =(+H488-D488) -> 12 | O488: =I488-E488 -> -22 | P488: =IF(OR(AND(N488>0,O488>0),AND(N488<0,O488<0)),1,0) -> 0 | Q488: =WEEKNUM(tblResultadosNBA[[#This Row],[Fecha]],2) -> 53 | R488: =TEXT(tblResultadosNBA[[#This Row],[Fecha]],"mmm") -> dic
A489: 46021 | B489: Sacramento Kings @ LA Clippers | C489: =LEFT(B489,FIND("@",B489)-2) -> Sacramento Kings | D489: 116 | E489: 90 | F489: =IF(E489>D489, 1, 0) -> 0 | G489: =MID(B489,FIND("@",B489)+2,LEN(B489)-FIND("@",B489)-1) -> LA Clippers | H489: 126 | I489: 131 | J489: =IF(I489>H489, 1, 0) -> 1 | K489: =+D489+H489 -> 242 | L489: =E489+I489 -> 221 | M489: =IF(L489>K489, 1, 0) -> 0 | N489: =(+H489-D489) -> 10 | O489: =I489-E489 -> 41 | P489: =IF(OR(AND(N489>0,O489>0),AND(N489<0,O489<0)),1,0) -> 1 | Q489: =WEEKNUM(tblResultadosNBA[[#This Row],[Fecha]],2) -> 53 | R489: =TEXT(tblResultadosNBA[[#This Row],[Fecha]],"mmm") -> dic
A490: 46022 | B490: Golden State Warriors @ Charlotte Hornets | C490: =LEFT(B490,FIND("@",B490)-2) -> Golden State Warriors | D490: 133 | E490: 132 | F490: =IF(E490>D490, 1, 0) -> 0 | G490: =MID(B490,FIND("@",B490)+2,LEN(B490)-FIND("@",B490)-1) -> Charlotte Hornets | H490: 126 | I490: 125 | J490: =IF(I490>H490, 1, 0) -> 0 | K490: =+D490+H490 -> 259 | L490: =E490+I490 -> 257 | M490: =IF(L490>K490, 1, 0) -> 0 | N490: =(+H490-D490) -> -7 | O490: =I490-E490 -> -7 | P490: =IF(OR(AND(N490>0,O490>0),AND(N490<0,O490<0)),1,0) -> 1 | Q490: =WEEKNUM(tblResultadosNBA[[#This Row],[Fecha]],2) -> 53 | R490: =TEXT(tblResultadosNBA[[#This Row],[Fecha]],"mmm") -> dic
A491: 46022 | B491: Minnesota Timberwolves @ Atlanta Hawks | C491: =LEFT(B491,FIND("@",B491)-2) -> Minnesota Timberwolves | D491: 122 | E491: 102 | F491: =IF(E491>D491, 1, 0) -> 0 | G491: =MID(B491,FIND("@",B491)+2,LEN(B491)-FIND("@",B491)-1) -> Atlanta Hawks | H491: 119 | I491: 126 | J491: =IF(I491>H491, 1, 0) -> 1 | K491: =+D491+H491 -> 241 | L491: =E491+I491 -> 228 | M491: =IF(L491>K491, 1, 0) -> 0 | N491: =(+H491-D491) -> -3 | O491: =I491-E491 -> 24 | P491: =IF(OR(AND(N491>0,O491>0),AND(N491<0,O491<0)),1,0) -> 0 | Q491: =WEEKNUM(tblResultadosNBA[[#This Row],[Fecha]],2) -> 53 | R491: =TEXT(tblResultadosNBA[[#This Row],[Fecha]],"mmm") -> dic
A492: 46022 | B492: Orlando Magic @ Indiana Pacers | C492: =LEFT(B492,FIND("@",B492)-2) -> Orlando Magic | D492: 106 | E492: 112 | F492: =IF(E492>D492, 1, 0) -> 1 | G492: =MID(B492,FIND("@",B492)+2,LEN(B492)-FIND("@",B492)-1) -> Indiana Pacers | H492: 111 | I492: 110 | J492: =IF(I492>H492, 1, 0) -> 0 | K492: =+D492+H492 -> 217 | L492: =E492+I492 -> 222 | M492: =IF(L492>K492, 1, 0) -> 1 | N492: =(+H492-D492) -> 5 | O492: =I492-E492 -> -2 | P492: =IF(OR(AND(N492>0,O492>0),AND(N492<0,O492<0)),1,0) -> 0 | Q492: =WEEKNUM(tblResultadosNBA[[#This Row],[Fecha]],2) -> 53 | R492: =TEXT(tblResultadosNBA[[#This Row],[Fecha]],"mmm") -> dic
A493: 46022 | B493: Phoenix Suns @ Cleveland Cavaliers | C493: =LEFT(B493,FIND("@",B493)-2) -> Phoenix Suns | D493: 118 | E493: 113 | F493: =IF(E493>D493, 1, 0) -> 0 | G493: =MID(B493,FIND("@",B493)+2,LEN(B493)-FIND("@",B493)-1) -> Cleveland Cavaliers | H493: 121 | I493: 129 | J493: =IF(I493>H493, 1, 0) -> 1 | K493: =+D493+H493 -> 239 | L493: =E493+I493 -> 242 | M493: =IF(L493>K493, 1, 0) -> 1 | N493: =(+H493-D493) -> 3 | O493: =I493-E493 -> 16 | P493: =IF(OR(AND(N493>0,O493>0),AND(N493<0,O493<0)),1,0) -> 1 | Q493: =WEEKNUM(tblResultadosNBA[[#This Row],[Fecha]],2) -> 53 | R493: =TEXT(tblResultadosNBA[[#This Row],[Fecha]],"mmm") -> dic
A494: 46022 | B494: New Orleans Pelicans @ Chicago Bulls | C494: =LEFT(B494,FIND("@",B494)-2) -> New Orleans Pelicans | D494: 121 | E494: 118 | F494: =IF(E494>D494, 1, 0) -> 0 | G494: =MID(B494,FIND("@",B494)+2,LEN(B494)-FIND("@",B494)-1) -> Chicago Bulls | H494: 115 | I494: 134 | J494: =IF(I494>H494, 1, 0) -> 1 | K494: =+D494+H494 -> 236 | L494: =E494+I494 -> 252 | M494: =IF(L494>K494, 1, 0) -> 1 | N494: =(+H494-D494) -> -6 | O494: =I494-E494 -> 16 | P494: =IF(OR(AND(N494>0,O494>0),AND(N494<0,O494<0)),1,0) -> 0 | Q494: =WEEKNUM(tblResultadosNBA[[#This Row],[Fecha]],2) -> 53 | R494: =TEXT(tblResultadosNBA[[#This Row],[Fecha]],"mmm") -> dic
A495: 46022 | B495: New York Knicks @ San Antonio Spurs | C495: =LEFT(B495,FIND("@",B495)-2) -> New York Knicks | D495: 125 | E495: 132 | F495: =IF(E495>D495, 1, 0) -> 1 | G495: =MID(B495,FIND("@",B495)+2,LEN(B495)-FIND("@",B495)-1) -> San Antonio Spurs | H495: 133 | I495: 134 | J495: =IF(I495>H495, 1, 0) -> 1 | K495: =+D495+H495 -> 258 | L495: =E495+I495 -> 266 | M495: =IF(L495>K495, 1, 0) -> 1 | N495: =(+H495-D495) -> 8 | O495: =I495-E495 -> 2 | P495: =IF(OR(AND(N495>0,O495>0),AND(N495<0,O495<0)),1,0) -> 1 | Q495: =WEEKNUM(tblResultadosNBA[[#This Row],[Fecha]],2) -> 53 | R495: =TEXT(tblResultadosNBA[[#This Row],[Fecha]],"mmm") -> dic
A496: 46022 | B496: Denver Nuggets @ Toronto Raptors | C496: =LEFT(B496,FIND("@",B496)-2) -> Denver Nuggets | D496: 116 | E496: 106 | F496: =IF(E496>D496, 1, 0) -> 0 | G496: =MID(B496,FIND("@",B496)+2,LEN(B496)-FIND("@",B496)-1) -> Toronto Raptors | H496: 107 | I496: 103 | J496: =IF(I496>H496, 1, 0) -> 0 | K496: =+D496+H496 -> 223 | L496: =E496+I496 -> 209 | M496: =IF(L496>K496, 1, 0) -> 0 | N496: =(+H496-D496) -> -9 | O496: =I496-E496 -> -3 | P496: =IF(OR(AND(N496>0,O496>0),AND(N496<0,O496<0)),1,0) -> 1 | Q496: =WEEKNUM(tblResultadosNBA[[#This Row],[Fecha]],2) -> 53 | R496: =TEXT(tblResultadosNBA[[#This Row],[Fecha]],"mmm") -> dic
A497: 46022 | B497: Washington Wizards @ Milwaukee Bucks | C497: =LEFT(B497,FIND("@",B497)-2) -> Washington Wizards | D497: 108 | E497: 114 | F497: =IF(E497>D497, 1, 0) -> 1 | G497: =MID(B497,FIND("@",B497)+2,LEN(B497)-FIND("@",B497)-1) -> Milwaukee Bucks | H497: 125 | I497: 113 | J497: =IF(I497>H497, 1, 0) -> 0 | K497: =+D497+H497 -> 233 | L497: =E497+I497 -> 227 | M497: =IF(L497>K497, 1, 0) -> 0 | N497: =(+H497-D497) -> 17 | O497: =I497-E497 -> -1 | P497: =IF(OR(AND(N497>0,O497>0),AND(N497<0,O497<0)),1,0) -> 0 | Q497: =WEEKNUM(tblResultadosNBA[[#This Row],[Fecha]],2) -> 53 | R497: =TEXT(tblResultadosNBA[[#This Row],[Fecha]],"mmm") -> dic
A498: 46022 | B498: Portland Trail Blazers @ Oklahoma City Thunder | C498: =LEFT(B498,FIND("@",B498)-2) -> Portland Trail Blazers | D498: 108 | E498: 95 | F498: =IF(E498>D498, 1, 0) -> 0 | G498: =MID(B498,FIND("@",B498)+2,LEN(B498)-FIND("@",B498)-1) -> Oklahoma City Thunder | H498: 125 | I498: 124 | J498: =IF(I498>H498, 1, 0) -> 0 | K498: =+D498+H498 -> 233 | L498: =E498+I498 -> 219 | M498: =IF(L498>K498, 1, 0) -> 0 | N498: =(+H498-D498) -> 17 | O498: =I498-E498 -> 29 | P498: =IF(OR(AND(N498>0,O498>0),AND(N498<0,O498<0)),1,0) -> 1 | Q498: =WEEKNUM(tblResultadosNBA[[#This Row],[Fecha]],2) -> 53 | R498: =TEXT(tblResultadosNBA[[#This Row],[Fecha]],"mmm") -> dic
... A818: 46064 | B818: San Antonio Spurs @ Golden State Warriors | C818: =LEFT(B818,FIND("@",B818)-2) -> San Antonio Spurs | D818: 113 | E818: 126 | F818: =IF(E818>D818, 1, 0) -> 1 | G818: =MID(B818,FIND("@",B818)+2,LEN(B818)-FIND("@",B818)-1) -> Golden State Warriors | H818: 120 | I818: 113 | J818: =IF(I818>H818, 1, 0) -> 0 | K818: =+D818+H818 -> 233 | L818: =E818+I818 -> 239 | M818: =IF(L818>K818, 1, 0) -> 1 | N818: =(+H818-D818) -> 7 | O818: =I818-E818 -> -13 | P818: =IF(OR(AND(N818>0,O818>0),AND(N818<0,O818<0)),1,0) -> 0 | Q818: =WEEKNUM(tblResultadosNBA[[#This Row],[Fecha]],2) -> 7 | R818: =TEXT(tblResultadosNBA[[#This Row],[Fecha]],"mmm") -> feb
E819: =COUNT(E2:E818) -> 817 | F819: =SUM(F2:F818) -> 398 | I819: =COUNT(I2:I818) -> 817 | J819: =SUM(J2:J818) -> 363 | L819: =COUNT(I2:I818) -> 817 | M819: =SUM(M2:M818) -> 373 | P819: =SUM(P2:P818) -> 427
E820: =F819/E819 -> 0.4871481 | G820: =(J819+F819)/(E819+I819) -> 0.46572827 | I820: =J819/I819 -> 0.44430845 | L820: =M819/L819 -> 0.45654835 | P820: =P819/I819 -> 0.52264382
E821: =1/E820 -> 2.0527638 | I821: =1/I820 -> 2.2506887 | L821: =1/L820 -> 2.1903485 | P821: =1/P820 -> 1.9133489
E822: =1-E820 -> 0.5128519 | I822: =1-I820 -> 0.55569155 | L822: =1-L820 -> 0.54345165
E823: =1/(1-E820) -> 1.9498807 | I823: =1/(1-I820) -> 1.7995595 | L823: =1/(1-L820) -> 1.8400901
Q824: 25
D825: =AVERAGE(D2:D823) -> 114.63035 | E825: =AVERAGE(E2:E823) -> 115.05231 | H825: =AVERAGE(H2:H823) -> 117.93513 | I825: =AVERAGE(I2:I822) -> 116.73356 | K825: =AVERAGE(K2:K822) -> 232.56548 | L825: =AVERAGE(L2:L822) -> 230.92471

Sheet Dashboard
A1: Dashboard NBA – Tendencias por Periodo
A2: Fecha de actualización | B2: =TODAY()-1 -> 46064
A4: Selecciona semana: | B4: Semana 17 | C4: =_xlfn.XLOOKUP(B4,Referencia!B2:B60,Referencia!A2:A60) -> 7
A6: Total de partidos | B6: =COUNTIFS(Jornada!Q2:Q818, C4, Jornada!E2:E818, "<>") -> 28
A7: Over Visitantes | B7: =COUNTIFS(Jornada!Q2:Q818,C4,Jornada!F2:F818,1) -> 16 | C7: =COUNTIFS(Jornada!Q2:Q818,C4,Jornada!F2:F818,1) / COUNTIFS(Jornada!Q2:Q818, C4, Jornada!E2:E818, "<>") -> 0.57142857 | D7: =1-C7 -> 0.42857143
A8: Over Local | B8: =COUNTIFS(Jornada!Q2:Q818,C4,Jornada!J2:J818,1) -> 12 | C8: =COUNTIFS(Jornada!Q2:Q818,C4,Jornada!J2:J818,1) / COUNTIFS(Jornada!Q2:Q818, C4, Jornada!E2:E818, "<>") -> 0.42857143 | D8: =1-C8 -> 0.57142857
A9: Over Total | B9: =COUNTIFS(Jornada!Q2:Q818,C4,Jornada!M2:M818,1) -> 15 | C9: =COUNTIFS(Jornada!Q2:Q818,C4,Jornada!M2:M818,1) / COUNTIFS(Jornada!Q2:Q818, C4, Jornada!E2:E818, "<>") -> 0.53571429 | D9: =1-C9 -> 0.46428571
A10: Pronostico partido | B10: =COUNTIFS(Jornada!Q2:Q818,C4,Jornada!P2:P818,1) -> 15 | C10: =COUNTIFS(Jornada!Q2:Q818,C4,Jornada!P2:P818,1) / COUNTIFS(Jornada!Q2:Q818, C4, Jornada!E2:E818, "<>") -> 0.53571429 | D10: =1-C10 -> 0.46428571
A12: Selecciona mes: | B12: feb
A14: Total de partidos | B14: =COUNTIFS(Jornada!R2:R818,B12, Jornada!E2:E818, "<>") -> 87
A15: Over Visitantes | B15: =COUNTIFS(Jornada!R2:R818,B12,Jornada!F2:F818,1) -> 50 | C15: =B15/$B$14 -> 0.57471264 | D15: =1-C15 -> 0.42528736
A16: Over Local | B16: =COUNTIFS(Jornada!R2:R818,B12,Jornada!J2:J818,1) -> 40 | C16: =B16/$B$14 -> 0.45977011 | D16: =1-C16 -> 0.54022989
A17: Over Total | B17: =COUNTIFS(Jornada!R2:R818,B12,Jornada!M2:M818,1) -> 46 | C17: =B17/$B$14 -> 0.52873563 | D17: =1-C17 -> 0.47126437
A18: Pronostico partido | B18: =COUNTIFS(Jornada!R2:R818,B12,Jornada!P2:P818,1) -> 51 | C18: =B18/$B$14 -> 0.5862069 | D18: =1-C18 -> 0.4137931

Sheet T Dinamica
A1: Fecha | B1: Suma de OU_V | C1: Promedio de OU_V2 | D1: Suma de O/U_H | E1: Promedio de O/U_H2 | F1: Suma de O/U_T | G1: Promedio de O/U_T2 | H1: Suma de W/L | I1: Promedio de W/L2
A2: 45951 | B2: 2 | C2: 1 | D2: 1 | E2: 0.5 | F2: 2 | G2: 1 | H2: 1 | I2: 0.5
A3: 45952 | B3: 11 | C3: 0.91666667 | D3: 7 | E3: 0.58333333 | F3: 10 | G3: 0.83333333 | H3: 7 | I3: 0.58333333
A4: 45953 | B4: 2 | C4: 1 | D4: 2 | E4: 1 | F4: 2 | G4: 1 | H4: 2 | I4: 1
A5: 45954 | B5: 8 | C5: 0.66666667 | D5: 8 | E5: 0.66666667 | F5: 8 | G5: 0.66666667 | H5: 6 | I5: 0.5
A6: 45955 | B6: 3 | C6: 0.6 | D6: 3 | E6: 0.6 | F6: 3 | G6: 0.6 | H6: 2 | I6: 0.4
A7: 45956 | B7: 5 | C7: 0.55555556 | D7: 9 | E7: 1 | F7: 7 | G7: 0.77777778 | H7: 2 | I7: 0.22222222
A8: 45957 | B8: 7 | C8: 0.63636364 | D8: 6 | E8: 0.54545455 | F8: 7 | G8: 0.63636364 | H8: 5 | I8: 0.45454545
A9: 45958 | B9: 2 | C9: 0.4 | D9: 3 | E9: 0.6 | F9: 3 | G9: 0.6 | H9: 3 | I9: 0.6
A10: 45959 | B10: 4 | C10: 0.4 | D10: 7 | E10: 0.7 | F10: 4 | G10: 0.4 | H10: 3 | I10: 0.3
A11: 45960 | B11: 2 | C11: 0.5 | D11: 3 | E11: 0.75 | F11: 2 | G11: 0.5 | H11: 3 | I11: 0.75
A12: 45961 | B12: 5 | C12: 0.625 | D12: 3 | E12: 0.375 | F12: 3 | G12: 0.375 | H12: 2 | I12: 0.25
A13: 45962 | B13: 5 | C13: 0.83333333 | D13: 2 | E13: 0.33333333 | F13: 3 | G13: 0.5 | H13: 2 | I13: 0.33333333
... A113: 46064 | B113: 9 | C113: 0.64285714 | D113: 5 | E113: 0.35714286 | F113: 8 | G113: 0.57142857 | H113: 6 | I113: 0.42857143
A114: Total general | B114: 398 | C114: 0.4871481 | D114: 363 | E114: 0.44430845 | F114: 373 | G114: 0.45654835 | H114: 427 | I114: 0.52264382

Sheet Referencia
A1: Semana Año | B1: Semana Temporada | C1: Mes
A2: 43 | B2: Semana 1 | C2: =TEXT(tblResultadosNBA[[#This Row],[Fecha]],"mmm") -> oct
A3: 44 | B3: Semana 2 | C3: nov
A4: 45 | B4: Semana 3 | C4: dic
A5: 46 | B5: Semana 4 | C5: ene
A6: 47 | B6: Semana 5 | C6: feb
A7: 48 | B7: Semana 6 | C7: mar
A8: 49 | B8: Semana 7 | C8: abr
A9: 50 | B9: Semana 8 | C9: may
A10: 51 | B10: Semana 9 | C10: jun
A11: 52 | B11: Semana 10 | C11: jul
A12: 1 | B12: Semana 11 | C12: ago
A13: 2 | B13: Semana 12 | C13: sep
A14: 3 | B14: Semana 13
A15: 4 | B15: Semana 14
A16: 5 | B16: Semana 15
A17: 6 | B17: Semana 16
A18: 7 | B18: Semana 17
A19: 8 | B19: Semana 18
A20: 9 | B20: Semana 19
A21: 10 | B21: Semana 20
A22: 11 | B22: Semana 21
A23: 12 | B23: Semana 22
A24: 13 | B24: Semana 23
A25: 14 | B25: Semana 24
... A53: 42 | B53: Semana 52

Sheet MLB ML Over
A1: Fecha | B1: Jugada | C1: Cuota | D1: Beneficio Neto | E1: Yield | F1: $ | G1: Jugada | H1: Diario | I1: Semanal | J1: Mensual | M1: K% = W - [ (1 - W) / R ]
A2: 45905 | B2: 1 | C2: 3.04 | D2: =(B2*C2)-B2 -> 2.04 | E2: =SUM($D$2:D2)/SUM($B$2:B2) -> 2.04 | F2: =D2 -> 2.04 | G2: Milwaukee Brewers Over Individual
B3: 1 | C3: 1.93 | D3: =(B3*C3)-B3 -> 0.93 | E3: =SUM($D$2:D3)/SUM($B$2:B3) -> 1.485 | F3: =F2+D3 -> 2.97 | G3: Pittsburgh Pirates vs Milwaukee Brewers Over
B4: 1 | C4: 1.86 | D4: =(B4*C4)-B4 -> 0.86 | E4: =SUM($D$2:D4)/SUM($B$2:B4) -> 1.2766667 | F4: =F3+D4 -> 3.83 | G4: New York Yankees vs Toronto Blue Jays Over
B5: 1 | C5: 2.01 | D5: =(B5*C5)-B5 -> 1.01 | E5: =SUM($D$2:D5)/SUM($B$2:B5) -> 1.21 | F5: =F4+D5 -> 4.84 | G5: Atlanta Braves vs Seattle Mariners Over
B6: 1 | D6: =(B6*C6)-B6 -> -1 | E6: =SUM($D$2:D6)/SUM($B$2:B6) -> 0.768 | F6: =F5+D6 -> 3.84 | G6: Texas Rangers vs Houston Astros Over
A7: 45906 | B7: 1 | D7: =(B7*C7)-B7 -> -1 | E7: =SUM($D$2:D7)/SUM($B$2:B7) -> 0.47333333 | F7: =F6+D7 -> 2.84 | G7: San Francisco Giants Over Individual
B8: 1 | D8: =(B8*C8)-B8 -> -1 | E8: =SUM($D$2:D8)/SUM($B$2:B8) -> 0.26285714 | F8: =F7+D8 -> 1.84 | G8: New York Yankees vs Toronto Blue Jays Over
B9: 1 | D9: =(B9*C9)-B9 -> -1 | E9: =SUM($D$2:D9)/SUM($B$2:B9) -> 0.105 | F9: =F8+D9 -> 0.84 | G9: St. Louis Cardinals vs San Francisco Giants Over
B10: 1 | D10: =(B10*C10)-B10 -> -1 | E10: =SUM($D$2:D10)/SUM($B$2:B10) -> -0.017777778 | F10: =F9+D10 -> -0.16 | G10: Colorado Rockies vs San Diego Padres Over
B11: 1 | D11: =(B11*C11)-B11 -> -1 | E11: =SUM($D$2:D11)/SUM($B$2:B11) -> -0.116 | F11: =F10+D11 -> -1.16 | G11: Pittsburgh Pirates vs Milwaukee Brewers Over
B12: 1 | D12: =(B12*C12)-B12 -> -1 | E12: =SUM($D$2:D12)/SUM($B$2:B12) -> -0.19636364 | F12: =F11+D12 -> -2.16 | G12: Arizona Diamondbacks vs Boston Red Sox Over
B13: 1 | C13: 1.97 | D13: =(B13*C13)-B13 -> 0.97 | E13: =SUM($D$2:D13)/SUM($B$2:B13) -> -0.099166667 | F13: =F12+D13 -> -1.19 | G13: Kansas City Royals vs Minnesota Twins Over
A14: 45907 | B14: 1 | D14: =(B14*C14)-B14 -> -1 | E14: =SUM($D$2:D14)/SUM($B$2:B14) -> -0.16846154 | F14: =F13+D14 -> -2.19 | G14: Tampa Bay Rays Over Individual
B15: 1 | D15: =(B15*C15)-B15 -> -1 | E15: =SUM($D$2:D15)/SUM($B$2:B15) -> -0.22785714 | F15: =F14+D15 -> -3.19 | G15: Tampa Bay Rays vs Cleveland Guardians Over
B16: 1 | D16: =(B16*C16)-B16 -> -1 | E16: =SUM($D$2:D16)/SUM($B$2:B16) -> -0.27933333 | F16: =F15+D16 -> -4.19 | G16: St. Louis Cardinals vs San Francisco Giants Over
B17: 1 | C17: 1.9 | D17: =(B17*C17)-B17 -> 0.9 | E17: =SUM($D$2:D17)/SUM($B$2:B17) -> -0.205625 | F17: =F16+D17 -> -3.29 | G17: New York Yankees vs Toronto Blue Jays Over
B18: 1 | C18: 1.88 | D18: =(B18*C18)-B18 -> 0.88 | E18: =SUM($D$2:D18)/SUM($B$2:B18) -> -0.14176471 | F18: =F17+D18 -> -2.41 | G18: Miami Marlins vs Philadelphia Phillies Over
B19: 1 | D19: =(B19*C19)-B19 -> -1 | E19: =SUM($D$2:D19)/SUM($B$2:B19) -> -0.18944444 | F19: =F18+D19 -> -3.41 | G19: Arizona Diamondbacks vs Boston Red Sox Over
A20: 45908 | B20: 1 | D20: =(B20*C20)-B20 -> -1 | E20: =SUM($D$2:D20)/SUM($B$2:B20) -> -0.23210526 | F20: =F19+D20 -> -4.41 | G20: San Francisco Giants vs Arizona Diamondbacks Over
B21: 1 | D21: =(B21*C21)-B21 -> -1 | E21: =SUM($D$2:D21)/SUM($B$2:B21) -> -0.2705 | F21: =F20+D21 -> -5.41 | G21: Philadelphia Phillies vs New York Mets Over
B22: 1 | C22: 1.909 | D22: =(B22*C22)-B22 -> 0.909 | E22: =SUM($D$2:D22)/SUM($B$2:B22) -> -0.21433333 | F22: =F21+D22 -> -4.501 | G22: Atlanta Braves vs Chicago Cubs Over
B23: 1 | D23: =(B23*C23)-B23 -> -1 | E23: =SUM($D$2:D23)/SUM($B$2:B23) -> -0.25004545 | F23: =F22+D23 -> -5.501 | G23: Texas Rangers vs Milwaukee Brewers Over
A24: 45909 | B24: 1 | C24: 1.74 | D24: =(B24*C24)-B24 -> 0.74 | E24: =SUM($D$2:D24)/SUM($B$2:B24) -> -0.207 | F24: =F23+D24 -> -4.761 | G24: Athletics vs Boston Red Sox Over
B25: 1 | C25: 1.89 | D25: =(B25*C25)-B25 -> 0.89 | E25: =SUM($D$2:D25)/SUM($B$2:B25) -> -0.16129167 | F25: =F24+D25 -> -3.871 | G25: Los Angeles Angels vs Minnesota Twins Over
B26: 1 | D26: =(B26*C26)-B26 -> -1 | E26: =SUM($D$2:D26)/SUM($B$2:B26) -> -0.19484 | F26: =F25+D26 -> -4.871 | G26: Texas Rangers vs Milwaukee Brewers Over
A27: 45910 | B27: 1 | C27: 2.85 | D27: =(B27*C27)-B27 -> 1.85 | E27: =SUM($D$2:D27)/SUM($B$2:B27) -> -0.11619231 | F27: =F26+D27 -> -3.021 | G27: Athletics Over Individual
B28: 1 | C28: 1.727 | D28: =(B28*C28)-B28 -> 0.727 | E28: =SUM($D$2:D28)/SUM($B$2:B28) -> -0.084962963 | F28: =F27+D28 -> -2.294 | G28: Athletics vs Boston Red Sox Over
B29: 1 | D29: =(B29*C29)-B29 -> -1 | E29: =SUM($D$2:D29)/SUM($B$2:B29) -> -0.11764286 | F29: =F28+D29 -> -3.294 | G29: Atlanta Braves vs Chicago Cubs Over
B30: 1 | D30: =(B30*C30)-B30 -> -1 | E30: =SUM($D$2:D30)/SUM($B$2:B30) -> -0.14806897 | F30: =F29+D30 -> -4.294 | G30: Los Angeles Angels vs Minnesota Twins Over
A31: 45911 | B31: 1 | C31: 2.99 | D31: =(B31*C31)-B31 -> 1.99 | E31: =SUM($D$2:D31)/SUM($B$2:B31) -> -0.0768 | F31: =F30+D31 -> -2.304 | G31: Toronto Blue Jays Over Individual
B32: 1 | C32: 1.92 | D32: =(B32*C32)-B32 -> 0.92 | E32: =SUM($D$2:D32)/SUM($B$2:B32) -> -0.044645161 | F32: =F31+D32 -> -1.384 | G32: Toronto Blue Jays vs Houston Astros Over
B33: 1 | C33: 1.98 | D33: =(B33*C33)-B33 -> 0.98 | E33: =SUM($D$2:D33)/SUM($B$2:B33) -> -0.012625 | F33: =F32+D33 -> -0.404 | G33: Miami Marlins vs Washington Nationals Over
A34: 45912 | B34: 1 | C34: 1.76 | D34: =(B34*C34)-B34 -> 0.76 | E34: =SUM($D$2:D34)/SUM($B$2:B34) -> 0.010787879 | F34: =F33+D34 -> 0.356 | G34: Athletics vs Cincinnati Reds Over
B35: 1 | D35: =(B35*C35)-B35 -> -1 | E35: =SUM($D$2:D35)/SUM($B$2:B35) -> -0.018941176 | F35: =F34+D35 -> -0.644 | G35: Atlanta Braves vs Houston Astros Over
B36: 1 | C36: 1.93 | D36: =(B36*C36)-B36 -> 0.93 | E36: =SUM($D$2:D36)/SUM($B$2:B36) -> 0.0081714286 | F36: =F35+D36 -> 0.286 | G36: Minnesota Twins vs Arizona Diamondbacks Over
B37: 1 | D37: =(B37*C37)-B37 -> -1 | E37: =SUM($D$2:D37)/SUM($B$2:B37) -> -0.019833333 | F37: =F36+D37 -> -0.714 | G37: Cleveland Guardians vs Chicago White Sox Over
B38: 1 | C38: 1.89 | D38: =(B38*C38)-B38 -> 0.89 | E38: =SUM($D$2:D38)/SUM($B$2:B38) -> 0.0047567568 | F38: =F37+D38 -> 0.176 | G38: Boston Red Sox vs New York Yankees Over
A39: 45913 | B39: 1 | C39: 1.89 | D39: =(B39*C39)-B39 -> 0.89 | E39: =SUM($D$2:D39)/SUM($B$2:B39) -> 0.028052632 | F39: =F38+D39 -> 1.066 | G39: Toronto Blue Jays vs Baltimore Orioles Over
B40: 1 | C40: 2.02 | D40: =(B40*C40)-B40 -> 1.02 | E40: =SUM($D$2:D40)/SUM($B$2:B40) -> 0.053487179 | F40: =F39+D40 -> 2.086 | G40: San Francisco Giants vs Los Angeles Dodgers Over
B41: 1 | C41: 1.92 | D41: =(B41*C41)-B41 -> 0.92 | E41: =SUM($D$2:D41)/SUM($B$2:B41) -> 0.07515 | F41: =F40+D41 -> 3.006 | G41: Boston Red Sox vs New York Yankees Over
B42: 1 | D42: =(B42*C42)-B42 -> -1 | E42: =SUM($D$2:D42)/SUM($B$2:B42) -> 0.048926829 | F42: =F41+D42 -> 2.006 | G42: Athletics vs Cincinnati Reds Over
B43: 1 | D43: =(B43*C43)-B43 -> -1 | E43: =SUM($D$2:D43)/SUM($B$2:B43) -> 0.023952381 | F43: =F42+D43 -> 1.006 | G43: Chicago Cubs vs Tampa Bay Rays Over
B44: 1 | C44: 1.98 | D44: =(B44*C44)-B44 -> 0.98 | E44: =SUM($D$2:D44)/SUM($B$2:B44) -> 0.046186047 | F44: =F43+D44 -> 1.986 | G44: Milwaukee Brewers vs St. Louis Cardinals Over
B45: 1 | C45: 1.9 | D45: =(B45*C45)-B45 -> 0.9 | E45: =SUM($D$2:D45)/SUM($B$2:B45) -> 0.065590909 | F45: =F44+D45 -> 2.886 | G45: Miami Marlins vs Detroit Tigers Over
A46: 45914 | B46: 1 | D46: =(B46*C46)-B46 -> -1 | E46: =SUM($D$2:D46)/SUM($B$2:B46) -> 0.041911111 | F46: =F45+D46 -> 1.886 | G46: Miami Marlins vs Detroit Tigers Over
B47: 1 | C47: 1.88 | D47: =(B47*C47)-B47 -> 0.88 | E47: =SUM($D$2:D47)/SUM($B$2:B47) -> 0.060130435 | F47: =F46+D47 -> 2.766 | G47: Philadelphia Phillies vs Kansas City Royals Over
B48: 1 | C48: 2 | D48: =(B48*C48)-B48 -> 1 | E48: =SUM($D$2:D48)/SUM($B$2:B48) -> 0.08012766 | F48: =F47+D48 -> 3.766 | G48: Boston Red Sox vs New York Yankees Over
B49: 1 | C49: 1.81 | D49: =(B49*C49)-B49 -> 0.81 | E49: =SUM($D$2:D49)/SUM($B$2:B49) -> 0.095333333 | F49: =F48+D49 -> 4.576 | G49: Athletics vs Cincinnati Reds Over
B50: 1 | D50: =(B50*C50)-B50 -> -1 | E50: =SUM($D$2:D50)/SUM($B$2:B50) -> 0.072979592 | F50: =F49+D50 -> 3.576 | G50: Cleveland Guardians vs Chicago White Sox Over
B51: 1 | D51: =(B51*C51)-B51 -> -1 | E51: =SUM($D$2:D51)/SUM($B$2:B51) -> 0.05152 | F51: =F50+D51 -> 2.576 | G51: Milwaukee Brewers vs St. Louis Cardinals Over
A52: 45915 | B52: 1 | C52: 1.84 | D52: =(B52*C52)-B52 -> 0.84 | E52: =SUM($D$2:D52)/SUM($B$2:B52) -> 0.066980392 | F52: =F51+D52 -> 3.416 | G52: Arizona Diamondbacks vs San Francisco Giants Over
B53: 1 | C53: 1.97 | D53: =(B53*C53)-B53 -> 0.97 | E53: =SUM($D$2:D53)/SUM($B$2:B53) -> 0.084346154 | F53: =F52+D53 -> 4.386 | G53: Chicago White Sox vs Baltimore Orioles Over
B54: 1 | C54: 1.909 | D54: =(B54*C54)-B54 -> 0.909 | E54: =SUM($D$2:D54)/SUM($B$2:B54) -> 0.09990566 | F54: =F53+D54 -> 5.295 | G54: Tampa Bay Rays vs Toronto Blue Jays Over
A55: 45916 | B55: 1 | C55: 1.86 | D55: =(B55*C55)-B55 -> 0.86 | E55: =SUM($D$2:D55)/SUM($B$2:B55) -> 0.11398148 | F55: =F54+D55 -> 6.155 | G55: Arizona Diamondbacks vs San Francisco Giants Over
B56: 1 | D56: =(B56*C56)-B56 -> -1 | E56: =SUM($D$2:D56)/SUM($B$2:B56) -> 0.093727273 | F56: =F55+D56 -> 5.155 | G56: Colorado Rockies vs Miami Marlins Over
B57: 1 | C57: 1.95 | D57: =(B57*C57)-B57 -> 0.95 | E57: =SUM($D$2:D57)/SUM($B$2:B57) -> 0.10901786 | F57: =F56+D57 -> 6.105 | G57: Tampa Bay Rays vs Toronto Blue Jays Over
B58: 1 | C58: 1.98 | D58: =(B58*C58)-B58 -> 0.98 | E58: =SUM($D$2:D58)/SUM($B$2:B58) -> 0.12429825 | F58: =F57+D58 -> 7.085 | G58: Chicago White Sox vs Baltimore Orioles Over
B59: 1 | C59: 1.87 | D59: =(B59*C59)-B59 -> 0.87 | E59: =SUM($D$2:D59)/SUM($B$2:B59) -> 0.13715517 | F59: =F58+D59 -> 7.955 | G59: Minnesota Twins vs New York Yankees Over
B60: 1 | D60: =(B60*C60)-B60 -> -1 | E60: =SUM($D$2:D60)/SUM($B$2:B60) -> 0.11788136 | F60: =F59+D60 -> 6.955 | G60: Los Angeles Dodgers vs Philadelphia Phillies Over
A61: 45917 | B61: 1 | C61: 3.14 | D61: =(B61*C61)-B61 -> 2.14 | E61: =SUM($D$2:D61)/SUM($B$2:B61) -> 0.15158333 | F61: =F60+D61 -> 9.095 | G61: Chicago Cubs Over Individual
B62: 1 | C62: 2.81 | D62: =(B62*C62)-B62 -> 1.81 | E62: =SUM($D$2:D62)/SUM($B$2:B62) -> 0.17877049 | F62: =F61+D62 -> 10.905 | G62: Boston Red Sox Over Individual
B63: 1 | C63: 2.01 | D63: =(B63*C63)-B63 -> 1.01 | E63: =SUM($D$2:D63)/SUM($B$2:B63) -> 0.19217742 | F63: =F62+D63 -> 11.915 | G63: Pittsburgh Pirates vs Chicago Cubs Over
B64: 1 | C64: 1.87 | D64: =(B64*C64)-B64 -> 0.87 | E64: =SUM($D$2:D64)/SUM($B$2:B64) -> 0.20293651 | F64: =F63+D64 -> 12.785 | G64: Boston Red Sox vs Athletics Over
B65: 1 | D65: =(B65*C65)-B65 -> -1 | E65: =SUM($D$2:D65)/SUM($B$2:B65) -> 0.18414063 | F65: =F64+D65 -> 11.785 | G65: Arizona Diamondbacks vs San Francisco Giants Over
B66: 1 | C66: 1.93 | D66: =(B66*C66)-B66 -> 0.93 | E66: =SUM($D$2:D66)/SUM($B$2:B66) -> 0.19561538 | F66: =F65+D66 -> 12.715 | G66: St. Louis Cardinals vs Cincinnati Reds Over
B67: 1 | D67: =(B67*C67)-B67 -> -1 | E67: =SUM($D$2:D67)/SUM($B$2:B67) -> 0.1775 | F67: =F66+D67 -> 11.715 | G67: Milwaukee Brewers vs Los Angeles Angels Over
B68: 1 | C68: 1.87 | D68: =(B68*C68)-B68 -> 0.87 | E68: =SUM($D$2:D68)/SUM($B$2:B68) -> 0.18783582 | F68: =F67+D68 -> 12.585 | G68: Minnesota Twins vs New York Yankees Over
A69: 45918 | B69: 1 | D69: =(B69*C69)-B69 -> -1 | E69: =SUM($D$2:D69)/SUM($B$2:B69) -> 0.17036765 | F69: =F68+D69 -> 11.585 | G69: Tampa Bay Rays vs Toronto Blue Jays Over
B70: 1 | C70: 1.87 | D70: =(B70*C70)-B70 -> 0.87 | E70: =SUM($D$2:D70)/SUM($B$2:B70) -> 0.18050725 | F70: =F69+D70 -> 12.455 | G70: New York Mets vs San Diego Padres Over
B71: 1 | C71: 1.9 | D71: =(B71*C71)-B71 -> 0.9 | E71: =SUM($D$2:D71)/SUM($B$2:B71) -> 0.19078571 | F71: =F70+D71 -> 13.355 | G71: Baltimore Orioles vs New York Yankees Over
B72: 1 | D72: =(B72*C72)-B72 -> -1 | E72: =SUM($D$2:D72)/SUM($B$2:B72) -> 0.17401408 | F72: =F71+D72 -> 12.355 | G72: Kansas City Royals vs Seattle Mariners Over
B73: 1 | D73: =(B73*C73)-B73 -> -1 | E73: =SUM($D$2:D73)/SUM($B$2:B73) -> 0.15770833 | F73: =F72+D73 -> 11.355 | G73: Cincinnati Reds vs Chicago Cubs Over
B74: 1 | D74: =(B74*C74)-B74 -> -1 | E74: =SUM($D$2:D74)/SUM($B$2:B74) -> 0.14184932 | F74: =F73+D74 -> 10.355 | G74: Los Angeles Dodgers vs San Francisco Giants Over
A75: 45919 | B75: 1 | C75: 2.01 | D75: =(B75*C75)-B75 -> 1.01 | E75: =SUM($D$2:D75)/SUM($B$2:B75) -> 0.15358108 | F75: =F74+D75 -> 11.365 | G75: Minnesota Twins vs Cleveland Guardians Over
B76: 1 | C76: 1.615 | D76: =(B76*C76)-B76 -> 0.615 | E76: =SUM($D$2:D76)/SUM($B$2:B76) -> 0.15973333 | F76: =F75+D76 -> 11.98 | G76: Colorado Rockies vs Los Angeles Angels Over
B77: 1 | C77: 1.92 | D77: =(B77*C77)-B77 -> 0.92 | E77: =SUM($D$2:D77)/SUM($B$2:B77) -> 0.16973684 | F77: =F76+D77 -> 12.9 | G77: Cincinnati Reds vs Chicago Cubs Over
B78: 1 | C78: 1.84 | D78: =(B78*C78)-B78 -> 0.84 | E78: =SUM($D$2:D78)/SUM($B$2:B78) -> 0.17844156 | F78: =F77+D78 -> 13.74 | G78: Arizona Diamondbacks vs Philadelphia Phillies Over
B79: 1 | C79: 1.909 | D79: =(B79*C79)-B79 -> 0.909 | E79: =SUM($D$2:D79)/SUM($B$2:B79) -> 0.18780769 | F79: =F78+D79 -> 14.649 | G79: Pittsburgh Pirates vs Athletics Over
B80: 1 | C80: 1.98 | D80: =(B80*C80)-B80 -> 0.98 | E80: =SUM($D$2:D80)/SUM($B$2:B80) -> 0.19783544 | F80: =F79+D80 -> 15.629 | G80: Chicago White Sox vs San Diego Padres Over
B81: 1 | C81: 1.909 | D81: =(B81*C81)-B81 -> 0.909 | E81: =SUM($D$2:D81)/SUM($B$2:B81) -> 0.206725 | F81: =F80+D81 -> 16.538 | G81: Los Angeles Dodgers vs San Francisco Giants Over
B82: 1 | C82: 2.06 | D82: =(B82*C82)-B82 -> 1.06 | E82: =SUM($D$2:D82)/SUM($B$2:B82) -> 0.21725926 | F82: =F81+D82 -> 17.598 | G82: Houston Astros vs Seattle Mariners Over
B83: 1 | D83: =(B83*C83)-B83 -> -1 | E83: =SUM($D$2:D83)/SUM($B$2:B83) -> 0.20241463 | F83: =F82+D83 -> 16.598 | G83: Baltimore Orioles vs New York Yankees Over
B84: 1 | C84: 2.13 | D84: =(B84*C84)-B84 -> 1.13 | E84: =SUM($D$2:D84)/SUM($B$2:B84) -> 0.21359036 | F84: =F83+D84 -> 17.728 | G84: Tampa Bay Rays vs Boston Red Sox Over
A85: 45920 | B85: 1 | C85: 1.93 | D85: =(B85*C85)-B85 -> 0.93 | E85: =SUM($D$2:D85)/SUM($B$2:B85) -> 0.22211905 | F85: =F84+D85 -> 18.658 | G85: Chicago White Sox vs San Diego Padres Over
B86: 1 | C86: 1.88 | D86: =(B86*C86)-B86 -> 0.88 | E86: =SUM($D$2:D86)/SUM($B$2:B86) -> 0.22985882 | F86: =F85+D86 -> 19.538 | G86: Baltimore Orioles vs New York Yankees Over
B87: 1 | C87: 1.87 | D87: =(B87*C87)-B87 -> 0.87 | E87: =SUM($D$2:D87)/SUM($B$2:B87) -> 0.23730233 | F87: =F86+D87 -> 20.408 | G87: Arizona Diamondbacks vs Philadelphia Phillies Over
B88: 1 | C88: 1.87 | D88: =(B88*C88)-B88 -> 0.87 | E88: =SUM($D$2:D88)/SUM($B$2:B88) -> 0.24457471 | F88: =F87+D88 -> 21.278 | G88: Los Angeles Dodgers vs San Francisco Giants Over
B89: 1 | D89: =(B89*C89)-B89 -> -1 | E89: =SUM($D$2:D89)/SUM($B$2:B89) -> 0.23043182 | F89: =F88+D89 -> 20.278 | G89: St. Louis Cardinals vs Milwaukee Brewers Over
B90: 1 | D90: =(B90*C90)-B90 -> -1 | E90: =SUM($D$2:D90)/SUM($B$2:B90) -> 0.21660674 | F90: =F89+D90 -> 19.278 | G90: Cincinnati Reds vs Chicago Cubs Over
B91: 1 | D91: =(B91*C91)-B91 -> -1 | E91: =SUM($D$2:D91)/SUM($B$2:B91) -> 0.20308889 | F91: =F90+D91 -> 18.278 | G91: Pittsburgh Pirates vs Athletics Over
B92: 1 | C92: 2 | D92: =(B92*C92)-B92 -> 1 | E92: =SUM($D$2:D92)/SUM($B$2:B92) -> 0.21184615 | F92: =F91+D92 -> 19.278 | G92: Houston Astros vs Seattle Mariners Over
A93: 45921 | B93: 1 | D93: =(B93*C93)-B93 -> -1 | E93: =SUM($D$2:D93)/SUM($B$2:B93) -> 0.19867391 | F93: =F92+D93 -> 18.278 | G93: Kansas City Royals Over Individual
B94: 1 | D94: =(B94*C94)-B94 -> -1 | E94: =SUM($D$2:D94)/SUM($B$2:B94) -> 0.18578495 | F94: =F93+D94 -> 17.278 | G94: New York Yankees Over Individual
B95: 1 | D95: =(B95*C95)-B95 -> -1 | E95: =SUM($D$2:D95)/SUM($B$2:B95) -> 0.17317021 | F95: =F94+D95 -> 16.278 | G95: Baltimore Orioles vs New York Yankees Over
B96: 1 | D96: =(B96*C96)-B96 -> -1 | E96: =SUM($D$2:D96)/SUM($B$2:B96) -> 0.16082105 | F96: =F95+D96 -> 15.278 | G96: Kansas City Royals vs Toronto Blue Jays
B97: 1 | D97: =(B97*C97)-B97 -> -1 | E97: =SUM($D$2:D97)/SUM($B$2:B97) -> 0.14872917 | F97: =F96+D97 -> 14.278 | G97: Chicago White Sox vs San Diego Padres Over
B98: 1 | C98: 1.87 | D98: =(B98*C98)-B98 -> 0.87 | E98: =SUM($D$2:D98)/SUM($B$2:B98) -> 0.15616495 | F98: =F97+D98 -> 15.148 | G98: Arizona Diamondbacks vs Philadelphia Phillies Over
B99: 1 | C99: 1.64 | D99: =(B99*C99)-B99 -> 0.64 | E99: =SUM($D$2:D99)/SUM($B$2:B99) -> 0.16110204 | F99: =F98+D99 -> 15.788 | G99: Colorado Rockies vs Los Angeles Angels Over
A100: 45922 | B100: 1 | C100: 1.98 | D100: =(B100*C100)-B100 -> 0.98 | E100: =SUM($D$2:D100)/SUM($B$2:B100) -> 0.16937374 | F100: =F99+D100 -> 16.768 | G100: San Francisco Giants vs St. Louis Cardinals Over
...

Sheet MLB ML Over Individual
A1: Fecha | B1: Jugada | C1: Cuota | D1: Beneficio Neto | E1: Yield | F1: $ | G1: Jugada | H1: Diario | I1: Semanal | J1: Mensual | O1: Kelly | P1: Stake | Q1: $ | T1: K% = W - [ (1 - W) / R ]
A2: 45905 | B2: 1 | C2: 3.04 | D2: =(B2*C2)-B2 -> 2.04 | E2: =SUM($D$2:D2)/SUM($B$2:B2) -> 2.04 | F2: =D2 -> 2.04 | G2: Milwaukee Brewers Over Individual | K2: 0.554 | L2: =K2 -> 0.554 | M2: =1/L2 -> 1.8050542 | N2: =IF(C2>=M2,1,0) -> 1 | O2: =L2-((1-L2)/D2) -> 0.33537255 | P2: =O2/10 -> 0.033537255 | Q2: =$O$21*P2 -> 2.4867204
A3: 45906 | B3: 1 | D3: =(B3*C3)-B3 -> -1 | E3: =SUM($D$2:D3)/SUM($B$2:B3) -> 0.52 | F3: =F2+D3 -> 1.04 | G3: San Francisco Giants Over Individual | K3: 0.5 | L3: =K3 -> 0.5 | M3: =1/L3 -> 2 | N3: =IF(C3>=M3,1,0) -> 0 | O3: =L3-((1-L3)/D3) -> 1 | P3: =O3/10 -> 0.1 | Q3: =$O$21*P3 -> 7.4148
A4: 45907 | B4: 1 | D4: =(B4*C4)-B4 -> -1 | E4: =SUM($D$2:D4)/SUM($B$2:B4) -> 0.013333333 | F4: =F3+D4 -> 0.04 | G4: Tampa Bay Rays Over Individual | K4: 0.617 | L4: =K4 -> 0.617 | M4: =1/L4 -> 1.6207455 | N4: =IF(C4>=M4,1,0) -> 0 | O4: =L4-((1-L4)/D4) -> 1 | P4: =O4/10 -> 0.1 | Q4: =$O$21*P4 -> 7.4148
A5: 45910 | B5: 1 | C5: 2.85 | D5: =(B5*C5)-B5 -> 1.85 | E5: =SUM($D$2:D5)/SUM($B$2:B5) -> 0.4725 | F5: =F4+D5 -> 1.89 | G5: Athletics Over Individual | K5: 0.548 | L5: =K5 -> 0.548 | M5: =1/L5 -> 1.8248175 | N5: =IF(C5>=M5,1,0) -> 1 | O5: =L5-((1-L5)/D5) -> 0.30367568 | P5: =O5/10 -> 0.030367568 | Q5: =$O$21*P5 -> 2.2516944
A6: 45911 | B6: 1 | C6: 2.99 | D6: =(B6*C6)-B6 -> 1.99 | E6: =SUM($D$2:D6)/SUM($B$2:B6) -> 0.776 | F6: =F5+D6 -> 3.88 | G6: Toronto Blue Jays Over Individual | K6: 0.556 | L6: =K6 -> 0.556 | M6: =1/L6 -> 1.7985612 | N6: =IF(C6>=M6,1,0) -> 1 | O6: =L6-((1-L6)/D6) -> 0.33288442 | P6: =O6/10 -> 0.033288442 | Q6: =$O$21*P6 -> 2.4682714
A7: 45917 | B7: 1 | C7: 3.14 | D7: =(B7*C7)-B7 -> 2.14 | E7: =SUM($D$2:D7)/SUM($B$2:B7) -> 1.0033333 | F7: =F6+D7 -> 6.02 | G7: Chicago Cubs Over Individual
B8: 1 | C8: 2.81 | D8: =(B8*C8)-B8 -> 1.81 | E8: =SUM($D$2:D8)/SUM($B$2:B8) -> 1.1185714 | F8: =F7+D8 -> 7.83 | G8: Boston Red Sox Over Individual
A9: 45921 | B9: 1 | D9: =(B9*C9)-B9 -> -1 | E9: =SUM($D$2:D9)/SUM($B$2:B9) -> 0.85375 | F9: =F8+D9 -> 6.83 | G9: Kansas City Royals Over Individual
B10: 1 | D10: =(B10*C10)-B10 -> -1 | E10: =SUM($D$2:D10)/SUM($B$2:B10) -> 0.64777778 | F10: =F9+D10 -> 5.83 | G10: New York Yankees Over Individual
A11: 45922 | B11: 1 | C11: 2.81 | D11: =(B11*C11)-B11 -> 1.81 | E11: =SUM($D$2:D11)/SUM($B$2:B11) -> 0.764 | F11: =F10+D11 -> 7.64 | G11: Athletics Over Individual
B12: 1 | C12: 2.85 | D12: =(B12*C12)-B12 -> 1.85 | E12: =SUM($D$2:D12)/SUM($B$2:B12) -> 0.86272727 | F12: =F11+D12 -> 9.49 | G12: Philadelphia Phillies Over Individual
A13: 45928 | B13: 1 | C13: 2.85 | D13: =(B13*C13)-B13 -> 1.85 | E13: =SUM($D$2:D13)/SUM($B$2:B13) -> 0.945 | F13: =F12+D13 -> 11.34 | G13: Houston Astros Over Individual
B15: =SUM(B2:B14) -> 12 | D15: =SUM(D2:D14) -> 11.34 | F15: =D15-MAX(F2:F14) -> 0 | H15: =D15-SUM(H2:H14) -> 11.34 | I15: =D15-SUM(I2:I14) -> 11.34 | J15: =D15-SUM(J2:J14) -> 11.34
A17: Picks | C17: Valida Cuotas | H17: =100 -> 100 | J17: Bankroll (100$) | K17: 80.89 | M17: Bankroll (100$)
A18: =COUNT(B2:B14) -> 12 | C18: =I18 -> 5 | D18: 1.32 | E18: =C18*D18-C18 -> 1.6 | G18: Stake Minimo | H18: =H21/100 -> 1 | I18: =H18*5 -> 5 | J18: Stake Maximo | K18: =K21/100 -> 0.9223 | L18: =K18*5 -> 4.6115 | M18: Stake Maximo
A19: Acierto | C19: =E19/(D18-1) -> 9.375 | E19: 3 | G19: Ganancia | H19: =SUM(H2:H14) -> 0 | J19: Retiro | K19: =D15 -> 11.34 | M19: Retiro
A20: =COUNT(C2:C14)/A18 -> 0.66666667 | D20: =1/A20 -> 1.5 | G20: Ganancia Neta | H20: =(H19-I19) -> 0 | K20: =(K19-L19) -> 11.34
A21: Yield | G21: Bankroll+Ganancia | H21: =H17+H20 -> 100 | J21: =130-H21 -> 30 | K21: =K17+K20 -> 92.23 | O21: 74.148
A22: =D15/B15 -> 0.945 | G22: ROI | H22: =(H21-H17)/H17 -> 0 | I22: =B15/H17 -> 0.12 | J22: Rollover | K22: =(K21-K17)/K17 -> 0.14019038 | L22: =B15/K17 -> 0.14834961 | M22: Rollover
D39: Beneficio Neto
A40: Semana | B40: Jugada | E40: Yield
D42: Beneficio Neto
B43: Apuesta | D43: =SUM(D2:D2) -> 2.04 | E43: Yield
B44: =SUM(B2:B2) -> 1 | D44: =SUM(#REF!) -> #REF! | E44: =D43/B44 -> 2.04 | AK44: 47
B45: =SUM(#REF!) -> #REF! | D45: =SUM(#REF!) -> #REF! | E45: =D44/B45 -> #REF!
B46: =SUM(#REF!) -> #REF! | D46: =SUM(#REF!) -> #REF! | E46: =D45/B46 -> #REF!
B47: =SUM(#REF!) -> #REF! | D47: =SUM(#REF!) -> #REF! | E47: =D46/B47 -> #REF!
B48: =SUM(#REF!) -> #REF! | D48: =SUM(#REF!) -> #REF! | E48: =D47/B48 -> #REF!
B49: =SUM(#REF!) -> #REF! | D49: =SUM(#REF!) -> #REF! | E49: =D48/B49 -> #REF!
B50: =SUM(#REF!) -> #REF! | D50: =SUM(#REF!) -> #REF! | E50: =D49/B50 -> #REF!
B51: =SUM(#REF!) -> #REF! | D51: =SUM(#REF!) -> #REF! | E51: =D50/B51 -> #REF!
B52: =SUM(#REF!) -> #REF! | D52: =SUM(#REF!) -> #REF! | E52: =D51/B52 -> #REF!
B53: =SUM(#REF!) -> #REF! | D53: =SUM(#REF!) -> #REF! | E53: =D52/B53 -> #REF!
B54: =SUM(#REF!) -> #REF! | D54: =SUM(#REF!) -> #REF! | E54: =D53/B54 -> #REF!
B55: =SUM(#REF!) -> #REF! | D55: =SUM(#REF!) -> #REF! | E55: =D54/B55 -> #REF!
B56: =SUM(#REF!) -> #REF! | D56: =SUM(#REF!) -> #REF! | E56: =D55/B56 -> #REF!
B57: =SUM(#REF!) -> #REF! | D57: =SUM(#REF!) -> #REF! | E57: =D56/B57 -> #REF!
A66: Semana 1 | B66: =SUM(B2:B4) -> 3 | D66: =SUM(D2:D4) -> 0.04 | E66: =D66/B66 -> 0.013333333 | G66: Un ROI objetivo del 5% mensual
A67: Semana 2 | B67: =SUM(B5:B14) -> 9 | D67: =SUM(D5:D14) -> 11.3 | E67: =D67/B67 -> 1.2555556
B70: =SUM(B66:B69) -> 12 | D70: =SUM(D66:D69) -> 11.34 | E70: =D70/B70 -> 0.945 | F70: Total
B79: 29.37 | C79: 1200
B80: =C80*B79/C79 -> 300.97519 | C80: 12297.25

Sheet MLB ML Over Partidos
A1: Fecha | B1: Jugada | C1: Cuota | D1: Beneficio Neto | E1: Yield | F1: $ | G1: Jugada | H1: Diario | I1: Semanal | J1: Mensual | M1: K% = W - [ (1 - W) / R ]
A2: 45905 | B2: 1 | C2: 1.93 | D2: =(B2*C2)-B2 -> 0.93 | E2: =SUM($D$2:D2)/SUM($B$2:B2) -> 0.93 | F2: =D2 -> 0.93 | G2: Pittsburgh Pirates vs Milwaukee Brewers Over
B3: 1 | C3: 1.86 | D3: =(B3*C3)-B3 -> 0.86 | E3: =SUM($D$2:D3)/SUM($B$2:B3) -> 0.895 | F3: =F2+D3 -> 1.79 | G3: New York Yankees vs Toronto Blue Jays Over
B4: 1 | C4: 2.01 | D4: =(B4*C4)-B4 -> 1.01 | E4: =SUM($D$2:D4)/SUM($B$2:B4) -> 0.93333333 | F4: =F3+D4 -> 2.8 | G4: Atlanta Braves vs Seattle Mariners Over
B5: 1 | D5: =(B5*C5)-B5 -> -1 | E5: =SUM($D$2:D5)/SUM($B$2:B5) -> 0.45 | F5: =F4+D5 -> 1.8 | G5: Texas Rangers vs Houston Astros Over
A6: 45906 | B6: 1 | D6: =(B6*C6)-B6 -> -1 | E6: =SUM($D$2:D6)/SUM($B$2:B6) -> 0.16 | F6: =F5+D6 -> 0.8 | G6: New York Yankees vs Toronto Blue Jays Over
B7: 1 | D7: =(B7*C7)-B7 -> -1 | E7: =SUM($D$2:D7)/SUM($B$2:B7) -> -0.033333333 | F7: =F6+D7 -> -0.2 | G7: St. Louis Cardinals vs San Francisco Giants Over
B8: 1 | D8: =(B8*C8)-B8 -> -1 | E8: =SUM($D$2:D8)/SUM($B$2:B8) -> -0.17142857 | F8: =F7+D8 -> -1.2 | G8: Colorado Rockies vs San Diego Padres Over
B9: 1 | D9: =(B9*C9)-B9 -> -1 | E9: =SUM($D$2:D9)/SUM($B$2:B9) -> -0.275 | F9: =F8+D9 -> -2.2 | G9: Pittsburgh Pirates vs Milwaukee Brewers Over
B10: 1 | D10: =(B10*C10)-B10 -> -1 | E10: =SUM($D$2:D10)/SUM($B$2:B10) -> -0.35555556 | F10: =F9+D10 -> -3.2 | G10: Arizona Diamondbacks vs Boston Red Sox Over
B11: 1 | C11: 1.97 | D11: =(B11*C11)-B11 -> 0.97 | E11: =SUM($D$2:D11)/SUM($B$2:B11) -> -0.223 | F11: =F10+D11 -> -2.23 | G11: Kansas City Royals vs Minnesota Twins Over
A12: 45907 | B12: 1 | D12: =(B12*C12)-B12 -> -1 | E12: =SUM($D$2:D12)/SUM($B$2:B12) -> -0.29363636 | F12: =F11+D12 -> -3.23 | G12: Tampa Bay Rays vs Cleveland Guardians Over
B13: 1 | D13: =(B13*C13)-B13 -> -1 | E13: =SUM($D$2:D13)/SUM($B$2:B13) -> -0.3525 | F13: =F12+D13 -> -4.23 | G13: St. Louis Cardinals vs San Francisco Giants Over
B14: 1 | C14: 1.9 | D14: =(B14*C14)-B14 -> 0.9 | E14: =SUM($D$2:D14)/SUM($B$2:B14) -> -0.25615385 | F14: =F13+D14 -> -3.33 | G14: New York Yankees vs Toronto Blue Jays Over
B15: 1 | C15: 1.88 | D15: =(B15*C15)-B15 -> 0.88 | E15: =SUM($D$2:D15)/SUM($B$2:B15) -> -0.175 | F15: =F14+D15 -> -2.45 | G15: Miami Marlins vs Philadelphia Phillies Over
B16: 1 | D16: =(B16*C16)-B16 -> -1 | E16: =SUM($D$2:D16)/SUM($B$2:B16) -> -0.23 | F16: =F15+D16 -> -3.45 | G16: Arizona Diamondbacks vs Boston Red Sox Over
A17: 45908 | B17: 1 | D17: =(B17*C17)-B17 -> -1 | E17: =SUM($D$2:D17)/SUM($B$2:B17) -> -0.278125 | F17: =F16+D17 -> -4.45 | G17: San Francisco Giants vs Arizona Diamondbacks Over
B18: 1 | D18: =(B18*C18)-B18 -> -1 | E18: =SUM($D$2:D18)/SUM($B$2:B18) -> -0.32058824 | F18: =F17+D18 -> -5.45 | G18: Philadelphia Phillies vs New York Mets Over
B19: 1 | C19: 1.909 | D19: =(B19*C19)-B19 -> 0.909 | E19: =SUM($D$2:D19)/SUM($B$2:B19) -> -0.25227778 | F19: =F18+D19 -> -4.541 | G19: Atlanta Braves vs Chicago Cubs Over
B20: 1 | D20: =(B20*C20)-B20 -> -1 | E20: =SUM($D$2:D20)/SUM($B$2:B20) -> -0.29163158 | F20: =F19+D20 -> -5.541 | G20: Texas Rangers vs Milwaukee Brewers Over
A21: 45909 | B21: 1 | C21: 1.74 | D21: =(B21*C21)-B21 -> 0.74 | E21: =SUM($D$2:D21)/SUM($B$2:B21) -> -0.24005 | F21: =F20+D21 -> -4.801 | G21: Athletics vs Boston Red Sox Over
B22: 1 | C22: 1.89 | D22: =(B22*C22)-B22 -> 0.89 | E22: =SUM($D$2:D22)/SUM($B$2:B22) -> -0.1862381 | F22: =F21+D22 -> -3.911 | G22: Los Angeles Angels vs Minnesota Twins Over
B23: 1 | D23: =(B23*C23)-B23 -> -1 | E23: =SUM($D$2:D23)/SUM($B$2:B23) -> -0.22322727 | F23: =F22+D23 -> -4.911 | G23: Texas Rangers vs Milwaukee Brewers Over
A24: 45910 | B24: 1 | C24: 1.727 | D24: =(B24*C24)-B24 -> 0.727 | E24: =SUM($D$2:D24)/SUM($B$2:B24) -> -0.18191304 | F24: =F23+D24 -> -4.184 | G24: Athletics vs Boston Red Sox Over
B25: 1 | D25: =(B25*C25)-B25 -> -1 | E25: =SUM($D$2:D25)/SUM($B$2:B25) -> -0.216 | F25: =F24+D25 -> -5.184 | G25: Atlanta Braves vs Chicago Cubs Over
B26: 1 | D26: =(B26*C26)-B26 -> -1 | E26: =SUM($D$2:D26)/SUM($B$2:B26) -> -0.24736 | F26: =F25+D26 -> -6.184 | G26: Los Angeles Angels vs Minnesota Twins Over
A27: 45911 | B27: 1 | C27: 1.92 | D27: =(B27*C27)-B27 -> 0.92 | E27: =SUM($D$2:D27)/SUM($B$2:B27) -> -0.20246154 | F27: =F26+D27 -> -5.264 | G27: Toronto Blue Jays vs Houston Astros Over
B28: 1 | C28: 1.98 | D28: =(B28*C28)-B28 -> 0.98 | E28: =SUM($D$2:D28)/SUM($B$2:B28) -> -0.15866667 | F28: =F27+D28 -> -4.284 | G28: Miami Marlins vs Washington Nationals Over
A29: 45912 | B29: 1 | C29: 1.76 | D29: =(B29*C29)-B29 -> 0.76 | E29: =SUM($D$2:D29)/SUM($B$2:B29) -> -0.12585714 | F29: =F28+D29 -> -3.524 | G29: Athletics vs Cincinnati Reds Over
B30: 1 | D30: =(B30*C30)-B30 -> -1 | E30: =SUM($D$2:D30)/SUM($B$2:B30) -> -0.156 | F30: =F29+D30 -> -4.524 | G30: Atlanta Braves vs Houston Astros Over
B31: 1 | C31: 1.93 | D31: =(B31*C31)-B31 -> 0.93 | E31: =SUM($D$2:D31)/SUM($B$2:B31) -> -0.1198 | F31: =F30+D31 -> -3.594 | G31: Minnesota Twins vs Arizona Diamondbacks Over
B32: 1 | D32: =(B32*C32)-B32 -> -1 | E32: =SUM($D$2:D32)/SUM($B$2:B32) -> -0.14819355 | F32: =F31+D32 -> -4.594 | G32: Cleveland Guardians vs Chicago White Sox Over
B33: 1 | C33: 1.89 | D33: =(B33*C33)-B33 -> 0.89 | E33: =SUM($D$2:D33)/SUM($B$2:B33) -> -0.11575 | F33: =F32+D33 -> -3.704 | G33: Boston Red Sox vs New York Yankees Over
A34: 45913 | B34: 1 | C34: 1.89 | D34: =(B34*C34)-B34 -> 0.89 | E34: =SUM($D$2:D34)/SUM($B$2:B34) -> -0.085272727 | F34: =F33+D34 -> -2.814 | G34: Toronto Blue Jays vs Baltimore Orioles Over
B35: 1 | C35: 2.02 | D35: =(B35*C35)-B35 -> 1.02 | E35: =SUM($D$2:D35)/SUM($B$2:B35) -> -0.052764706 | F35: =F34+D35 -> -1.794 | G35: San Francisco Giants vs Los Angeles Dodgers Over
B36: 1 | C36: 1.92 | D36: =(B36*C36)-B36 -> 0.92 | E36: =SUM($D$2:D36)/SUM($B$2:B36) -> -0.024971429 | F36: =F35+D36 -> -0.874 | G36: Boston Red Sox vs New York Yankees Over
B37: 1 | D37: =(B37*C37)-B37 -> -1 | E37: =SUM($D$2:D37)/SUM($B$2:B37) -> -0.052055556 | F37: =F36+D37 -> -1.874 | G37: Athletics vs Cincinnati Reds Over
B38: 1 | D38: =(B38*C38)-B38 -> -1 | E38: =SUM($D$2:D38)/SUM($B$2:B38) -> -0.077675676 | F38: =F37+D38 -> -2.874 | G38: Chicago Cubs vs Tampa Bay Rays Over
B39: 1 | C39: 1.98 | D39: =(B39*C39)-B39 -> 0.98 | E39: =SUM($D$2:D39)/SUM($B$2:B39) -> -0.049842105 | F39: =F38+D39 -> -1.894 | G39: Milwaukee Brewers vs St. Louis Cardinals Over
B40: 1 | C40: 1.9 | D40: =(B40*C40)-B40 -> 0.9 | E40: =SUM($D$2:D40)/SUM($B$2:B40) -> -0.025487179 | F40: =F39+D40 -> -0.994 | G40: Miami Marlins vs Detroit Tigers Over
A41: 45914 | B41: 1 | D41: =(B41*C41)-B41 -> -1 | E41: =SUM($D$2:D41)/SUM($B$2:B41) -> -0.04985 | F41: =F40+D41 -> -1.994 | G41: Miami Marlins vs Detroit Tigers Over
B42: 1 | C42: 1.88 | D42: =(B42*C42)-B42 -> 0.88 | E42: =SUM($D$2:D42)/SUM($B$2:B42) -> -0.027170732 | F42: =F41+D42 -> -1.114 | G42: Philadelphia Phillies vs Kansas City Royals Over
B43: 1 | C43: 2 | D43: =(B43*C43)-B43 -> 1 | E43: =SUM($D$2:D43)/SUM($B$2:B43) -> -0.0027142857 | F43: =F42+D43 -> -0.114 | G43: Boston Red Sox vs New York Yankees Over
B44: 1 | C44: 1.81 | D44: =(B44*C44)-B44 -> 0.81 | E44: =SUM($D$2:D44)/SUM($B$2:B44) -> 0.016186047 | F44: =F43+D44 -> 0.696 | G44: Athletics vs Cincinnati Reds Over
B45: 1 | D45: =(B45*C45)-B45 -> -1 | E45: =SUM($D$2:D45)/SUM($B$2:B45) -> -0.0069090909 | F45: =F44+D45 -> -0.304 | G45: Cleveland Guardians vs Chicago White Sox Over
B46: 1 | D46: =(B46*C46)-B46 -> -1 | E46: =SUM($D$2:D46)/SUM($B$2:B46) -> -0.028977778 | F46: =F45+D46 -> -1.304 | G46: Milwaukee Brewers vs St. Louis Cardinals Over
A47: 45915 | B47: 1 | C47: 1.84 | D47: =(B47*C47)-B47 -> 0.84 | E47: =SUM($D$2:D47)/SUM($B$2:B47) -> -0.010086957 | F47: =F46+D47 -> -0.464 | G47: Arizona Diamondbacks vs San Francisco Giants Over
B48: 1 | C48: 1.97 | D48: =(B48*C48)-B48 -> 0.97 | E48: =SUM($D$2:D48)/SUM($B$2:B48) -> 0.010765957 | F48: =F47+D48 -> 0.506 | G48: Chicago White Sox vs Baltimore Orioles Over
B49: 1 | C49: 1.909 | D49: =(B49*C49)-B49 -> 0.909 | E49: =SUM($D$2:D49)/SUM($B$2:B49) -> 0.029479167 | F49: =F48+D49 -> 1.415 | G49: Tampa Bay Rays vs Toronto Blue Jays Over
A50: 45916 | B50: 1 | C50: 1.86 | D50: =(B50*C50)-B50 -> 0.86 | E50: =SUM($D$2:D50)/SUM($B$2:B50) -> 0.046428571 | F50: =F49+D50 -> 2.275 | G50: Arizona Diamondbacks vs San Francisco Giants Over
B51: 1 | D51: =(B51*C51)-B51 -> -1 | E51: =SUM($D$2:D51)/SUM($B$2:B51) -> 0.0255 | F51: =F50+D51 -> 1.275 | G51: Colorado Rockies vs Miami Marlins Over
B52: 1 | C52: 1.95 | D52: =(B52*C52)-B52 -> 0.95 | E52: =SUM($D$2:D52)/SUM($B$2:B52) -> 0.043627451 | F52: =F51+D52 -> 2.225 | G52: Tampa Bay Rays vs Toronto Blue Jays Over
B53: 1 | C53: 1.98 | D53: =(B53*C53)-B53 -> 0.98 | E53: =SUM($D$2:D53)/SUM($B$2:B53) -> 0.061634615 | F53: =F52+D53 -> 3.205 | G53: Chicago White Sox vs Baltimore Orioles Over
B54: 1 | C54: 1.87 | D54: =(B54*C54)-B54 -> 0.87 | E54: =SUM($D$2:D54)/SUM($B$2:B54) -> 0.076886792 | F54: =F53+D54 -> 4.075 | G54: Minnesota Twins vs New York Yankees Over
B55: 1 | D55: =(B55*C55)-B55 -> -1 | E55: =SUM($D$2:D55)/SUM($B$2:B55) -> 0.056944444 | F55: =F54+D55 -> 3.075 | G55: Los Angeles Dodgers vs Philadelphia Phillies Over
A56: 45917 | B56: 1 | C56: 2.01 | D56: =(B56*C56)-B56 -> 1.01 | E56: =SUM($D$2:D56)/SUM($B$2:B56) -> 0.074272727 | F56: =F55+D56 -> 4.085 | G56: Pittsburgh Pirates vs Chicago Cubs Over
B57: 1 | C57: 1.87 | D57: =(B57*C57)-B57 -> 0.87 | E57: =SUM($D$2:D57)/SUM($B$2:B57) -> 0.088482143 | F57: =F56+D57 -> 4.955 | G57: Boston Red Sox vs Athletics Over
B58: 1 | D58: =(B58*C58)-B58 -> -1 | E58: =SUM($D$2:D58)/SUM($B$2:B58) -> 0.069385965 | F58: =F57+D58 -> 3.955 | G58: Arizona Diamondbacks vs San Francisco Giants Over
B59: 1 | C59: 1.93 | D59: =(B59*C59)-B59 -> 0.93 | E59: =SUM($D$2:D59)/SUM($B$2:B59) -> 0.084224138 | F59: =F58+D59 -> 4.885 | G59: St. Louis Cardinals vs Cincinnati Reds Over
B60: 1 | D60: =(B60*C60)-B60 -> -1 | E60: =SUM($D$2:D60)/SUM($B$2:B60) -> 0.065847458 | F60: =F59+D60 -> 3.885 | G60: Milwaukee Brewers vs Los Angeles Angels Over
B61: 1 | C61: 1.87 | D61: =(B61*C61)-B61 -> 0.87 | E61: =SUM($D$2:D61)/SUM($B$2:B61) -> 0.07925 | F61: =F60+D61 -> 4.755 | G61: Minnesota Twins vs New York Yankees Over
A62: 45918 | B62: 1 | D62: =(B62*C62)-B62 -> -1 | E62: =SUM($D$2:D62)/SUM($B$2:B62) -> 0.061557377 | F62: =F61+D62 -> 3.755 | G62: Tampa Bay Rays vs Toronto Blue Jays Over
B63: 1 | C63: 1.87 | D63: =(B63*C63)-B63 -> 0.87 | E63: =SUM($D$2:D63)/SUM($B$2:B63) -> 0.074596774 | F63: =F62+D63 -> 4.625 | G63: New York Mets vs San Diego Padres Over
B64: 1 | C64: 1.9 | D64: =(B64*C64)-B64 -> 0.9 | E64: =SUM($D$2:D64)/SUM($B$2:B64) -> 0.087698413 | F64: =F63+D64 -> 5.525 | G64: Baltimore Orioles vs New York Yankees Over
B65: 1 | D65: =(B65*C65)-B65 -> -1 | E65: =SUM($D$2:D65)/SUM($B$2:B65) -> 0.070703125 | F65: =F64+D65 -> 4.525 | G65: Kansas City Royals vs Seattle Mariners Over
B66: 1 | D66: =(B66*C66)-B66 -> -1 | E66: =SUM($D$2:D66)/SUM($B$2:B66) -> 0.054230769 | F66: =F65+D66 -> 3.525 | G66: Cincinnati Reds vs Chicago Cubs Over
B67: 1 | D67: =(B67*C67)-B67 -> -1 | E67: =SUM($D$2:D67)/SUM($B$2:B67) -> 0.038257576 | F67: =F66+D67 -> 2.525 | G67: Los Angeles Dodgers vs San Francisco Giants Over
A68: 45919 | B68: 1 | C68: 2.01 | D68: =(B68*C68)-B68 -> 1.01 | E68: =SUM($D$2:D68)/SUM($B$2:B68) -> 0.052761194 | F68: =F67+D68 -> 3.535 | G68: Minnesota Twins vs Cleveland Guardians Over
B69: 1 | C69: 1.615 | D69: =(B69*C69)-B69 -> 0.615 | E69: =SUM($D$2:D69)/SUM($B$2:B69) -> 0.061029412 | F69: =F68+D69 -> 4.15 | G69: Colorado Rockies vs Los Angeles Angels Over
B70: 1 | C70: 1.92 | D70: =(B70*C70)-B70 -> 0.92 | E70: =SUM($D$2:D70)/SUM($B$2:B70) -> 0.073478261 | F70: =F69+D70 -> 5.07 | G70: Cincinnati Reds vs Chicago Cubs Over
B71: 1 | C71: 1.84 | D71: =(B71*C71)-B71 -> 0.84 | E71: =SUM($D$2:D71)/SUM($B$2:B71) -> 0.084428571 | F71: =F70+D71 -> 5.91 | G71: Arizona Diamondbacks vs Philadelphia Phillies Over
B72: 1 | C72: 1.909 | D72: =(B72*C72)-B72 -> 0.909 | E72: =SUM($D$2:D72)/SUM($B$2:B72) -> 0.096042254 | F72: =F71+D72 -> 6.819 | G72: Pittsburgh Pirates vs Athletics Over
B73: 1 | C73: 1.98 | D73: =(B73*C73)-B73 -> 0.98 | E73: =SUM($D$2:D73)/SUM($B$2:B73) -> 0.10831944 | F73: =F72+D73 -> 7.799 | G73: Chicago White Sox vs San Diego Padres Over
B74: 1 | C74: 1.909 | D74: =(B74*C74)-B74 -> 0.909 | E74: =SUM($D$2:D74)/SUM($B$2:B74) -> 0.11928767 | F74: =F73+D74 -> 8.708 | G74: Los Angeles Dodgers vs San Francisco Giants Over
B75: 1 | C75: 2.06 | D75: =(B75*C75)-B75 -> 1.06 | E75: =SUM($D$2:D75)/SUM($B$2:B75) -> 0.132 | F75: =F74+D75 -> 9.768 | G75: Houston Astros vs Seattle Mariners Over
B76: 1 | D76: =(B76*C76)-B76 -> -1 | E76: =SUM($D$2:D76)/SUM($B$2:B76) -> 0.11690667 | F76: =F75+D76 -> 8.768 | G76: Baltimore Orioles vs New York Yankees Over
B77: 1 | C77: 2.13 | D77: =(B77*C77)-B77 -> 1.13 | E77: =SUM($D$2:D77)/SUM($B$2:B77) -> 0.13023684 | F77: =F76+D77 -> 9.898 | G77: Tampa Bay Rays vs Boston Red Sox Over
A78: 45920 | B78: 1 | C78: 1.93 | D78: =(B78*C78)-B78 -> 0.93 | E78: =SUM($D$2:D78)/SUM($B$2:B78) -> 0.14062338 | F78: =F77+D78 -> 10.828 | G78: Chicago White Sox vs San Diego Padres Over
B79: 1 | C79: 1.88 | D79: =(B79*C79)-B79 -> 0.88 | E79: =SUM($D$2:D79)/SUM($B$2:B79) -> 0.15010256 | F79: =F78+D79 -> 11.708 | G79: Baltimore Orioles vs New York Yankees Over
B80: 1 | C80: 1.87 | D80: =(B80*C80)-B80 -> 0.87 | E80: =SUM($D$2:D80)/SUM($B$2:B80) -> 0.15921519 | F80: =F79+D80 -> 12.578 | G80: Arizona Diamondbacks vs Philadelphia Phillies Over
B81: 1 | C81: 1.87 | D81: =(B81*C81)-B81 -> 0.87 | E81: =SUM($D$2:D81)/SUM($B$2:B81) -> 0.1681 | F81: =F80+D81 -> 13.448 | G81: Los Angeles Dodgers vs San Francisco Giants Over
B82: 1 | D82: =(B82*C82)-B82 -> -1 | E82: =SUM($D$2:D82)/SUM($B$2:B82) -> 0.15367901 | F82: =F81+D82 -> 12.448 | G82: St. Louis Cardinals vs Milwaukee Brewers Over
B83: 1 | D83: =(B83*C83)-B83 -> -1 | E83: =SUM($D$2:D83)/SUM($B$2:B83) -> 0.13960976 | F83: =F82+D83 -> 11.448 | G83: Cincinnati Reds vs Chicago Cubs Over
B84: 1 | D84: =(B84*C84)-B84 -> -1 | E84: =SUM($D$2:D84)/SUM($B$2:B84) -> 0.12587952 | F84: =F83+D84 -> 10.448 | G84: Pittsburgh Pirates vs Athletics Over
B85: 1 | C85: 2 | D85: =(B85*C85)-B85 -> 1 | E85: =SUM($D$2:D85)/SUM($B$2:B85) -> 0.13628571 | F85: =F84+D85 -> 11.448 | G85: Houston Astros vs Seattle Mariners Over
A86: 45921 | B86: 1 | D86: =(B86*C86)-B86 -> -1 | E86: =SUM($D$2:D86)/SUM($B$2:B86) -> 0.12291765 | F86: =F85+D86 -> 10.448 | G86: Baltimore Orioles vs New York Yankees Over
B87: 1 | D87: =(B87*C87)-B87 -> -1 | E87: =SUM($D$2:D87)/SUM($B$2:B87) -> 0.10986047 | F87: =F86+D87 -> 9.448 | G87: Kansas City Royals vs Toronto Blue Jays
B88: 1 | D88: =(B88*C88)-B88 -> -1 | E88: =SUM($D$2:D88)/SUM($B$2:B88) -> 0.097103448 | F88: =F87+D88 -> 8.448 | G88: Chicago White Sox vs San Diego Padres Over
B89: 1 | C89: 1.87 | D89: =(B89*C89)-B89 -> 0.87 | E89: =SUM($D$2:D89)/SUM($B$2:B89) -> 0.10588636 | F89: =F88+D89 -> 9.318 | G89: Arizona Diamondbacks vs Philadelphia Phillies Over
B90: 1 | C90: 1.64 | D90: =(B90*C90)-B90 -> 0.64 | E90: =SUM($D$2:D90)/SUM($B$2:B90) -> 0.11188764 | F90: =F89+D90 -> 9.958 | G90: Colorado Rockies vs Los Angeles Angels Over
A91: 45922 | B91: 1 | C91: 1.98 | D91: =(B91*C91)-B91 -> 0.98 | E91: =SUM($D$2:D91)/SUM($B$2:B91) -> 0.12153333 | F91: =F90+D91 -> 10.938 | G91: San Francisco Giants vs St. Louis Cardinals Over
A92: 45923 | B92: 1 | C92: 1.75 | D92: =(B92*C92)-B92 -> 0.75 | E92: =SUM($D$2:D92)/SUM($B$2:B92) -> 0.12843956 | F92: =F91+D92 -> 11.688 | G92: Athletics vs Houston Astros Over
B93: 1 | D93: =(B93*C93)-B93 -> -1 | E93: =SUM($D$2:D93)/SUM($B$2:B93) -> 0.11617391 | F93: =F92+D93 -> 10.688 | G93: New York Yankees vs Chicago White Sox Over
B94: 1 | C94: 1.95 | D94: =(B94*C94)-B94 -> 0.95 | E94: =SUM($D$2:D94)/SUM($B$2:B94) -> 0.12513978 | F94: =F93+D94 -> 11.638 | G94: Philadelphia Phillies vs Miami Marlins Over
B95: 1 | D95: =(B95*C95)-B95 -> -1 | E95: =SUM($D$2:D95)/SUM($B$2:B95) -> 0.11317021 | F95: =F94+D95 -> 10.638 | G95: Seattle Mariners vs Colorado Rockies Over
B96: 1 | D96: =(B96*C96)-B96 -> -1 | E96: =SUM($D$2:D96)/SUM($B$2:B96) -> 0.10145263 | F96: =F95+D96 -> 9.638 | G96: Cincinnati Reds vs Pittsburgh Pirates Over
B97: 1 | D97: =(B97*C97)-B97 -> -1 | E97: =SUM($D$2:D97)/SUM($B$2:B97) -> 0.089979167 | F97: =F96+D97 -> 8.638 | G97: Arizona Diamondbacks vs Los Angeles Dodgers Over
A98: 45924 | B98: 1 | D98: =(B98*C98)-B98 -> -1 | E98: =SUM($D$2:D98)/SUM($B$2:B98) -> 0.078742268 | F98: =F97+D98 -> 7.638 | G98: New York Yankees vs Chicago White Sox Over
B99: 1 | C99: 1.833 | D99: =(B99*C99)-B99 -> 0.833 | E99: =SUM($D$2:D99)/SUM($B$2:B99) -> 0.086438776 | F99: =F98+D99 -> 8.471 | G99: Atlanta Braves vs Washington Nationals Over
B100: 1 | C100: 2 | D100: =(B100*C100)-B100 -> 1 | E100: =SUM($D$2:D100)/SUM($B$2:B100) -> 0.095666667 | F100: =F99+D100 -> 9.471 | G100: Seattle Mariners vs Colorado Rockies Over
...

Sheet YRFI
B1: Peso | D1: Arizona | E1: Ponderado | G1: Cleveland | H1: Ponderado | M1: Criterio de Kelly | N1: Stake = (bp - q) / b, donde 'b' es la cuota decimal, 'p' es nuestra probabilidad estimada y 'q' es 1 - p. | T1: Bs | U1: $ | V1: Rub
A2: % temporada | B2: 0.6 | D2: =26/61 -> 0.42622951 | E2: =B2*D2 -> 0.2557377 | G2: =15/62 -> 0.24193548 | H2: =B2*G2 -> 0.14516129 | M2: b = cuota | N2: 2 | T2: 100 | U2: 2.51
A3: % últimos 15 juegos | B3: 0.4 | D3: =9/15 -> 0.6 | E3: =B3*D3 -> 0.24 | G3: =6/15 -> 0.4 | H3: =B3*G3 -> 0.16 | M3: p = probabilidad implicita | N3: 0.6 | T3: 12297.25 | U3: =T3*U2/T2 -> 308.66097 | V3: 25504.7
B4: =SUM(B2:B3) -> 1 | E4: =SUM(E2:E3) -> 0.4957377 | H4: =SUM(H2:H3) -> 0.30516129 | J4: =(1 - E8) * (1 - H8) -> 0.37045736 | K4: NO | M4: q= analisis estadistico | N4: =1-N3 -> 0.4
J5: =1 - J4 -> 0.62954264 | K5: SI | M5: Stake | N5: =(N2*N3-N4)/N2 -> 0.4
A6: % temporada + % últimos 15 juegos | B6: 0.7 | D6: =E4 -> 0.4957377 | E6: =B6*D6 -> 0.34701639 | G6: =H4 -> 0.30516129 | H6: =B6*G6 -> 0.2136129 | M6: (bp - q)/b | N6: =N5/10 -> 0.04
A7: % de carreras permitidas por el pitcher rival | B7: 0.3 | D7: =4/14 -> 0.28571429 | E7: =B7*D7 -> 0.085714286 | G7: =4/9 -> 0.44444444 | H7: =B7*G7 -> 0.13333333
B8: =SUM(B6:B7) -> 1 | E8: =SUM(E6:E7) -> 0.43273068 | H8: =SUM(H6:H7) -> 0.34694624
D10: =D1 -> Arizona | E10: Ponderado | G10: =G1 -> Cleveland | H10: Ponderado | J10: =(1 - E11) * (1 - H11) -> 0.760876 | K10: NO
E11: 0.147 | H11: 0.108 | J11: =1 - J10 -> 0.239124 | K11: SI
D13: 0.147
D14: 0.108
D15: 0.239124
D16: 0.760876
T42: 12.297,25 equivalian a 25.504,70 Rub

Sheet MMP
A1: Period | B1: Date of Period Start | C1: Date of End Period | D1: Bankroll required for Withdrawl | E1: Withdrawal | F1: Bankroll after Withdrawal | G1: Profit required for withdawal | H1: Days on the Period | I1: % Growth per day | J1: $ Profit per day | K1: UNITS required per day to win | L1: Stake per pick (1 UNIT) | M1: Profit to look for per serie | N1: Max allowed lost PICK per serie
A2: 1 | B2: =P7 -> 45951 | C2: =DATE(YEAR(B2),MONTH(B2)+$P$8-1,DAY(B2)) -> 45951 | E2: 0 | F2: =P6 -> 700 | G2: =+F2*$P$9 -> 210 | H2: =+B3-B2 -> 31 | I2: =+(G2/F2)/H2 -> 0.0096774194 | J2: =+F2*I2 -> 6.7741935 | K2: =+J2/L2 -> 0.96774194 | L2: =+F2*$P$11 -> 7 | M2: =+F2*$P$14 -> 7 | N2: =+M2*$P$15 -> 52.5 | O2: =SUM(E2:E3)+F3 -> 910 | P2: =SUM(E2:E13) -> 2556.674
A3: 2 | B3: =DATE(YEAR(B2),MONTH(B2)+$P$8,DAY(B2)) -> 45982 | C3: =DATE(YEAR(B3),MONTH(B3)+$P$8-1,DAY(B3)) -> 45982 | D3: =+F2+G2 -> 910 | E3: =+G2*$P$10 -> 105 | F3: =+F2+G2-E3 -> 805 | G3: =+F3*$P$9 -> 241.5 | H3: =+B4-B3 -> 30 | I3: =+(G3/F3)/H3 -> 0.01 | J3: =+F3*I3 -> 8.05 | K3: =+J3/L3 -> 1 | L3: =+F3*$P$11 -> 8.05 | M3: =+F3*$P$14 -> 8.05 | N3: =+M3*$P$15 -> 60.375
A4: 3 | B4: =DATE(YEAR(B3),MONTH(B3)+$P$8,DAY(B3)) -> 46012 | C4: =DATE(YEAR(B4),MONTH(B4)+$P$8-1,DAY(B4)) -> 46012 | D4: =+F3+G3 -> 1046.5 | E4: =+G3*$P$10 -> 120.75 | F4: =+F3+G3-E4 -> 925.75 | G4: =+F4*$P$9 -> 277.725 | H4: =+B5-B4 -> 31 | I4: =+(G4/F4)/H4 -> 0.0096774194 | J4: =+F4*I4 -> 8.958871 | K4: =+J4/L4 -> 0.96774194 | L4: =+F4*$P$11 -> 9.2575 | M4: =+F4*$P$14 -> 9.2575 | N4: =+M4*$P$15 -> 69.43125 | S4: =P6 -> 700 | U4: Bankroll (8000€)
A5: 4 | B5: =DATE(YEAR(B4),MONTH(B4)+$P$8,DAY(B4)) -> 46043 | C5: =DATE(YEAR(B5),MONTH(B5)+$P$8-1,DAY(B5)) -> 46043 | D5: =+F4+G4 -> 1203.475 | E5: =+G4*$P$10 -> 138.8625 | F5: =+F4+G4-E5 -> 1064.6125 | G5: =+F5*$P$9 -> 319.38375 | H5: =+B6-B5 -> 31 | I5: =+(G5/F5)/H5 -> 0.0096774194 | J5: =+F5*I5 -> 10.302702 | K5: =+J5/L5 -> 0.96774194 | L5: =+F5*$P$11 -> 10.646125 | M5: =+F5*$P$14 -> 10.646125 | N5: =+M5*$P$15 -> 79.845937 | O5: Selections | R5: Stake Minimo | S5: =L2 -> 7 | T5: =S5*10 -> 70 | U5: Stake Maximo
A6: 5 | B6: =DATE(YEAR(B5),MONTH(B5)+$P$8,DAY(B5)) -> 46074 | C6: =DATE(YEAR(B6),MONTH(B6)+$P$8-1,DAY(B6)) -> 46074 | D6: =+F5+G5 -> 1383.9962 | E6: =+G5*$P$10 -> 159.69187 | F6: =+F5+G5-E6 -> 1224.3044 | G6: =+F6*$P$9 -> 367.29131 | H6: =+B7-B6 -> 28 | I6: =+(G6/F6)/H6 -> 0.010714286 | J6: =+F6*I6 -> 13.117547 | K6: =+J6/L6 -> 1.0714286 | L6: =+F6*$P$11 -> 12.243044 | M6: =+F6*$P$14 -> 12.243044 | N6: =+M6*$P$15 -> 91.822828 | O6: Initial bankroll | P6: 700 | R6: Ganancia | S6: 0 | U6: Retiro
A7: 6 | B7: =DATE(YEAR(B6),MONTH(B6)+$P$8,DAY(B6)) -> 46102 | C7: =DATE(YEAR(B7),MONTH(B7)+$P$8-1,DAY(B7)) -> 46102 | D7: =+F6+G6 -> 1591.5957 | E7: =+G6*$P$10 -> 183.64566 | F7: =+F6+G6-E7 -> 1407.95 | G7: =+F7*$P$9 -> 422.38501 | H7: =+B8-B7 -> 31 | I7: =+(G7/F7)/H7 -> 0.0096774194 | J7: =+F7*I7 -> 13.625323 | K7: =+J7/L7 -> 0.96774194 | L7: =+F7*$P$11 -> 14.0795 | M7: =+F7*$P$14 -> 14.0795 | N7: =+M7*$P$15 -> 105.59625 | O7: Starting date | P7: 45951 | R7: Ganancia Neta | S7: =(S6-T6) -> 0
A8: 7 | B8: =DATE(YEAR(B7),MONTH(B7)+$P$8,DAY(B7)) -> 46133 | C8: =DATE(YEAR(B8),MONTH(B8)+$P$8-1,DAY(B8)) -> 46133 | D8: =+F7+G7 -> 1830.335 | E8: =+G7*$P$10 -> 211.1925 | F8: =+F7+G7-E8 -> 1619.1425 | G8: =+F8*$P$9 -> 485.74276 | H8: =+B9-B8 -> 30 | I8: =+(G8/F8)/H8 -> 0.01 | J8: =+F8*I8 -> 16.191425 | K8: =+J8/L8 -> 1 | L8: =+F8*$P$11 -> 16.191425 | M8: =+F8*$P$14 -> 16.191425 | N8: =+M8*$P$15 -> 121.43569 | O8: Months between withdrawals | P8: 1 | R8: Bankroll+Ganancia | S8: =S4+S7 -> 700
A9: 8 | B9: =DATE(YEAR(B8),MONTH(B8)+$P$8,DAY(B8)) -> 46163 | C9: =DATE(YEAR(B9),MONTH(B9)+$P$8-1,DAY(B9)) -> 46163 | D9: =+F8+G8 -> 2104.8853 | E9: =+G8*$P$10 -> 242.87138 | F9: =+F8+G8-E9 -> 1862.0139 | G9: =+F9*$P$9 -> 558.60417 | H9: =+B10-B9 -> 31 | I9: =+(G9/F9)/H9 -> 0.0096774194 | J9: =+F9*I9 -> 18.01949 | K9: =+J9/L9 -> 0.96774194 | L9: =+F9*$P$11 -> 18.620139 | M9: =+F9*$P$14 -> 18.620139 | N9: =+M9*$P$15 -> 139.65104 | O9: % Increase Bankroll required for withdrawal | P9: 0.3
A10: 9 | B10: =DATE(YEAR(B9),MONTH(B9)+$P$8,DAY(B9)) -> 46194 | C10: =DATE(YEAR(B10),MONTH(B10)+$P$8-1,DAY(B10)) -> 46194 | D10: =+F9+G9 -> 2420.6181 | E10: =+G9*$P$10 -> 279.30209 | F10: =+F9+G9-E10 -> 2141.316 | G10: =+F10*$P$9 -> 642.3948 | H10: =+B11-B10 -> 30 | I10: =+(G10/F10)/H10 -> 0.01 | J10: =+F10*I10 -> 21.41316 | K10: =+J10/L10 -> 1 | L10: =+F10*$P$11 -> 21.41316 | M10: =+F10*$P$14 -> 21.41316 | N10: =+M10*$P$15 -> 160.5987 | O10: Amount of profit to be withdrawal | P10: 0.5
A11: 10 | B11: =DATE(YEAR(B10),MONTH(B10)+$P$8,DAY(B10)) -> 46224 | C11: =DATE(YEAR(B11),MONTH(B11)+$P$8-1,DAY(B11)) -> 46224 | D11: =+F10+G10 -> 2783.7108 | E11: =+G10*$P$10 -> 321.1974 | F11: =+F10+G10-E11 -> 2462.5134 | G11: =+F11*$P$9 -> 738.75402 | H11: =+B12-B11 -> 31 | I11: =+(G11/F11)/H11 -> 0.0096774194 | J11: =+F11*I11 -> 23.830775 | K11: =+J11/L11 -> 0.96774194 | L11: =+F11*$P$11 -> 24.625134 | M11: =+F11*$P$14 -> 24.625134 | N11: =+M11*$P$15 -> 184.68851 | O11: Risk per pick (1 UNIT) | P11: 0.01
A12: 11 | B12: =DATE(YEAR(B11),MONTH(B11)+$P$8,DAY(B11)) -> 46255 | C12: =DATE(YEAR(B12),MONTH(B12)+$P$8-1,DAY(B12)) -> 46255 | D12: =+F11+G11 -> 3201.2674 | E12: =+G11*$P$10 -> 369.37701 | F12: =+F11+G11-E12 -> 2831.8904 | G12: =+F12*$P$9 -> 849.56712 | H12: =+B13-B12 -> 31 | I12: =+(G12/F12)/H12 -> 0.0096774194 | J12: =+F12*I12 -> 27.405391 | K12: =+J12/L12 -> 0.96774194 | L12: =+F12*$P$11 -> 28.318904 | M12: =+F12*$P$14 -> 28.318904 | N12: =+M12*$P$15 -> 212.39178 | O12: Your goal per period to be free | P12: 400
A13: 12 | B13: =DATE(YEAR(B12),MONTH(B12)+$P$8,DAY(B12)) -> 46286 | C13: =DATE(YEAR(B13),MONTH(B13)+$P$8-1,DAY(B13)) -> 46286 | D13: =+F12+G12 -> 3681.4575 | E13: =+G12*$P$10 -> 424.78356 | F13: =+F12+G12-E13 -> 3256.674 | G13: =+F13*$P$9 -> 977.00219 | H13: =+B14-B13 -> 30 | I13: =+(G13/F13)/H13 -> 0.01 | J13: =+F13*I13 -> 32.56674 | K13: =+J13/L13 -> 1 | L13: =+F13*$P$11 -> 32.56674 | M13: =+F13*$P$14 -> 32.56674 | N13: =+M13*$P$15 -> 244.25055 | O13: Optional Selections
A14: 13 | B14: =DATE(YEAR(B13),MONTH(B13)+$P$8,DAY(B13)) -> 46316 | C14: =DATE(YEAR(B14),MONTH(B14)+$P$8-1,DAY(B14)) -> 46316 | D14: =+F13+G13 -> 4233.6762 | E14: =+G13*$P$10 -> 488.5011 | F14: =+F13+G13-E14 -> 3745.1751 | G14: =+F14*$P$9 -> 1123.5525 | H14: =+B15-B14 -> 31 | I14: =+(G14/F14)/H14 -> 0.0096774194 | J14: =+F14*I14 -> 36.24363 | K14: =+J14/L14 -> 0.96774194 | L14: =+F14*$P$11 -> 37.451751 | M14: =+F14*$P$14 -> 37.451751 | N14: =+M14*$P$15 -> 280.88813 | O14: Bankroll % to win per serie | P14: 0.01
A15: 14 | B15: =DATE(YEAR(B14),MONTH(B14)+$P$8,DAY(B14)) -> 46347 | C15: =DATE(YEAR(B15),MONTH(B15)+$P$8-1,DAY(B15)) -> 46347 | D15: =+F14+G14 -> 4868.7276 | E15: =+G14*$P$10 -> 561.77626 | F15: =+F14+G14-E15 -> 4306.9513 | G15: =+F15*$P$9 -> 1292.0854 | H15: =+B16-B15 -> 30 | I15: =+(G15/F15)/H15 -> 0.01 | J15: =+F15*I15 -> 43.069513 | K15: =+J15/L15 -> 1 | L15: =+F15*$P$11 -> 43.069513 | M15: =+F15*$P$14 -> 43.069513 | N15: =+M15*$P$15 -> 323.02135 | O15: Series maximum multiplier | P15: 7.5
A16: 15 | B16: =DATE(YEAR(B15),MONTH(B15)+$P$8,DAY(B15)) -> 46377 | C16: =DATE(YEAR(B16),MONTH(B16)+$P$8-1,DAY(B16)) -> 46377 | D16: =+F15+G15 -> 5599.0367 | E16: =+G15*$P$10 -> 646.0427 | F16: =+F15+G15-E16 -> 4952.994 | G16: =+F16*$P$9 -> 1485.8982 | H16: =+B17-B16 -> 31 | I16: =+(G16/F16)/H16 -> 0.0096774194 | J16: =+F16*I16 -> 47.9322 | K16: =+J16/L16 -> 0.96774194 | L16: =+F16*$P$11 -> 49.52994 | M16: =+F16*$P$14 -> 49.52994 | N16: =+M16*$P$15 -> 371.47455
A17: 16 | B17: =DATE(YEAR(B16),MONTH(B16)+$P$8,DAY(B16)) -> 46408 | C17: =DATE(YEAR(B17),MONTH(B17)+$P$8-1,DAY(B17)) -> 46408 | D17: =+F16+G16 -> 6438.8922 | E17: =+G16*$P$10 -> 742.94911 | F17: =+F16+G16-E17 -> 5695.9431 | G17: =+F17*$P$9 -> 1708.7829 | H17: =+B18-B17 -> 31 | I17: =+(G17/F17)/H17 -> 0.0096774194 | J17: =+F17*I17 -> 55.12203 | K17: =+J17/L17 -> 0.96774194 | L17: =+F17*$P$11 -> 56.959431 | M17: =+F17*$P$14 -> 56.959431 | N17: =+M17*$P$15 -> 427.19574 | O17: Results
A18: 17 | B18: =DATE(YEAR(B17),MONTH(B17)+$P$8,DAY(B17)) -> 46439 | C18: =DATE(YEAR(B18),MONTH(B18)+$P$8-1,DAY(B18)) -> 46439 | D18: =+F17+G17 -> 7404.7261 | E18: =+G17*$P$10 -> 854.39147 | F18: =+F17+G17-E18 -> 6550.3346 | G18: =+F18*$P$9 -> 1965.1004 | H18: =+B19-B18 -> 28 | I18: =+(G18/F18)/H18 -> 0.010714286 | J18: =+F18*I18 -> 70.182157 | K18: =+J18/L18 -> 1.0714286 | L18: =+F18*$P$11 -> 65.503346 | M18: =+F18*$P$14 -> 65.503346 | N18: =+M18*$P$15 -> 491.2751 | O18: When you will be achiving your goal per period? | P18: =INDEX(A2:N37,COUNTIF(E2:E37,"<="&P12)+1,2) -> 46286
A19: 18 | B19: =DATE(YEAR(B18),MONTH(B18)+$P$8,DAY(B18)) -> 46467 | C19: =DATE(YEAR(B19),MONTH(B19)+$P$8-1,DAY(B19)) -> 46467 | D19: =+F18+G18 -> 8515.435 | E19: =+G18*$P$10 -> 982.55019 | F19: =+F18+G18-E19 -> 7532.8848 | G19: =+F19*$P$9 -> 2259.8654 | H19: =+B20-B19 -> 31 | I19: =+(G19/F19)/H19 -> 0.0096774194 | J19: =+F19*I19 -> 72.898885 | K19: =+J19/L19 -> 0.96774194 | L19: =+F19*$P$11 -> 75.328848 | M19: =+F19*$P$14 -> 75.328848 | N19: =+M19*$P$15 -> 564.96636
A20: 19 | B20: =DATE(YEAR(B19),MONTH(B19)+$P$8,DAY(B19)) -> 46498 | C20: =DATE(YEAR(B20),MONTH(B20)+$P$8-1,DAY(B20)) -> 46498 | D20: =+F19+G19 -> 9792.7502 | E20: =+G19*$P$10 -> 1129.9327 | F20: =+F19+G19-E20 -> 8662.8175 | G20: =+F20*$P$9 -> 2598.8453 | H20: =+B21-B20 -> 30 | I20: =+(G20/F20)/H20 -> 0.01 | J20: =+F20*I20 -> 86.628175 | K20: =+J20/L20 -> 1 | L20: =+F20*$P$11 -> 86.628175 | M20: =+F20*$P$14 -> 86.628175 | N20: =+M20*$P$15 -> 649.71131
A21: 20 | B21: =DATE(YEAR(B20),MONTH(B20)+$P$8,DAY(B20)) -> 46528 | C21: =DATE(YEAR(B21),MONTH(B21)+$P$8-1,DAY(B21)) -> 46528 | D21: =+F20+G20 -> 11261.663 | E21: =+G20*$P$10 -> 1299.4226 | F21: =+F20+G20-E21 -> 9962.2402 | G21: =+F21*$P$9 -> 2988.672 | H21: =+B22-B21 -> 31 | I21: =+(G21/F21)/H21 -> 0.0096774194 | J21: =+F21*I21 -> 96.408776 | K21: =+J21/L21 -> 0.96774194 | L21: =+F21*$P$11 -> 99.622402 | M21: =+F21*$P$14 -> 99.622402 | N21: =+M21*$P$15 -> 747.16801
A22: 21 | B22: =DATE(YEAR(B21),MONTH(B21)+$P$8,DAY(B21)) -> 46559 | C22: =DATE(YEAR(B22),MONTH(B22)+$P$8-1,DAY(B22)) -> 46559 | D22: =+F21+G21 -> 12950.912 | E22: =+G21*$P$10 -> 1494.336 | F22: =+F21+G21-E22 -> 11456.576 | G22: =+F22*$P$9 -> 3436.9729 | H22: =+B23-B22 -> 30 | I22: =+(G22/F22)/H22 -> 0.01 | J22: =+F22*I22 -> 114.56576 | K22: =+J22/L22 -> 1 | L22: =+F22*$P$11 -> 114.56576 | M22: =+F22*$P$14 -> 114.56576 | N22: =+M22*$P$15 -> 859.24321
A23: 22 | B23: =DATE(YEAR(B22),MONTH(B22)+$P$8,DAY(B22)) -> 46589 | C23: =DATE(YEAR(B23),MONTH(B23)+$P$8-1,DAY(B23)) -> 46589 | D23: =+F22+G22 -> 14893.549 | E23: =+G22*$P$10 -> 1718.4864 | F23: =+F22+G22-E23 -> 13175.063 | G23: =+F23*$P$9 -> 3952.5188 | H23: =+B24-B23 -> 31 | I23: =+(G23/F23)/H23 -> 0.0096774194 | J23: =+F23*I23 -> 127.50061 | K23: =+J23/L23 -> 0.96774194 | L23: =+F23*$P$11 -> 131.75063 | M23: =+F23*$P$14 -> 131.75063 | N23: =+M23*$P$15 -> 988.1297
A24: 23 | B24: =DATE(YEAR(B23),MONTH(B23)+$P$8,DAY(B23)) -> 46620 | C24: =DATE(YEAR(B24),MONTH(B24)+$P$8-1,DAY(B24)) -> 46620 | D24: =+F23+G23 -> 17127.581 | E24: =+G23*$P$10 -> 1976.2594 | F24: =+F23+G23-E24 -> 15151.322 | G24: =+F24*$P$9 -> 4545.3966 | H24: =+B25-B24 -> 31 | I24: =+(G24/F24)/H24 -> 0.0096774194 | J24: =+F24*I24 -> 146.6257 | K24: =+J24/L24 -> 0.96774194 | L24: =+F24*$P$11 -> 151.51322 | M24: =+F24*$P$14 -> 151.51322 | N24: =+M24*$P$15 -> 1136.3491
A25: 24 | B25: =DATE(YEAR(B24),MONTH(B24)+$P$8,DAY(B24)) -> 46651 | C25: =DATE(YEAR(B25),MONTH(B25)+$P$8-1,DAY(B25)) -> 46651 | D25: =+F24+G24 -> 19696.719 | E25: =+G24*$P$10 -> 2272.6983 | F25: =+F24+G24-E25 -> 17424.02 | G25: =+F25*$P$9 -> 5227.2061 | H25: =+B26-B25 -> 30 | I25: =+(G25/F25)/H25 -> 0.01 | J25: =+F25*I25 -> 174.2402 | K25: =+J25/L25 -> 1 | L25: =+F25*$P$11 -> 174.2402 | M25: =+F25*$P$14 -> 174.2402 | N25: =+M25*$P$15 -> 1306.8015
A26: 25 | B26: =DATE(YEAR(B25),MONTH(B25)+$P$8,DAY(B25)) -> 46681 | C26: =DATE(YEAR(B26),MONTH(B26)+$P$8-1,DAY(B26)) -> 46681 | D26: =+F25+G25 -> 22651.226 | E26: =+G25*$P$10 -> 2613.603 | F26: =+F25+G25-E26 -> 20037.623 | G26: =+F26*$P$9 -> 6011.287 | H26: =+B27-B26 -> 31 | I26: =+(G26/F26)/H26 -> 0.0096774194 | J26: =+F26*I26 -> 193.91248 | K26: =+J26/L26 -> 0.96774194 | L26: =+F26*$P$11 -> 200.37623 | M26: =+F26*$P$14 -> 200.37623 | N26: =+M26*$P$15 -> 1502.8218
A27: 26 | B27: =DATE(YEAR(B26),MONTH(B26)+$P$8,DAY(B26)) -> 46712 | C27: =DATE(YEAR(B27),MONTH(B27)+$P$8-1,DAY(B27)) -> 46712 | D27: =+F26+G26 -> 26048.91 | E27: =+G26*$P$10 -> 3005.6435 | F27: =+F26+G26-E27 -> 23043.267 | G27: =+F27*$P$9 -> 6912.9801 | H27: =+B28-B27 -> 30 | I27: =+(G27/F27)/H27 -> 0.01 | J27: =+F27*I27 -> 230.43267 | K27: =+J27/L27 -> 1 | L27: =+F27*$P$11 -> 230.43267 | M27: =+F27*$P$14 -> 230.43267 | N27: =+M27*$P$15 -> 1728.245
A28: 27 | B28: =DATE(YEAR(B27),MONTH(B27)+$P$8,DAY(B27)) -> 46742 | C28: =DATE(YEAR(B28),MONTH(B28)+$P$8-1,DAY(B28)) -> 46742 | D28: =+F27+G27 -> 29956.247 | E28: =+G27*$P$10 -> 3456.49 | F28: =+F27+G27-E28 -> 26499.757 | G28: =+F28*$P$9 -> 7949.9271 | H28: =+B29-B28 -> 31 | I28: =+(G28/F28)/H28 -> 0.0096774194 | J28: =+F28*I28 -> 256.44926 | K28: =+J28/L28 -> 0.96774194 | L28: =+F28*$P$11 -> 264.99757 | M28: =+F28*$P$14 -> 264.99757 | N28: =+M28*$P$15 -> 1987.4818
A29: 28 | B29: =DATE(YEAR(B28),MONTH(B28)+$P$8,DAY(B28)) -> 46773 | C29: =DATE(YEAR(B29),MONTH(B29)+$P$8-1,DAY(B29)) -> 46773 | D29: =+F28+G28 -> 34449.684 | E29: =+G28*$P$10 -> 3974.9635 | F29: =+F28+G28-E29 -> 30474.72 | G29: =+F29*$P$9 -> 9142.4161 | H29: =+B30-B29 -> 31 | I29: =+(G29/F29)/H29 -> 0.0096774194 | J29: =+F29*I29 -> 294.91665 | K29: =+J29/L29 -> 0.96774194 | L29: =+F29*$P$11 -> 304.7472 | M29: =+F29*$P$14 -> 304.7472 | N29: =+M29*$P$15 -> 2285.604
A30: 29 | B30: =DATE(YEAR(B29),MONTH(B29)+$P$8,DAY(B29)) -> 46804 | C30: =DATE(YEAR(B30),MONTH(B30)+$P$8-1,DAY(B30)) -> 46804 | D30: =+F29+G29 -> 39617.137 | E30: =+G29*$P$10 -> 4571.2081 | F30: =+F29+G29-E30 -> 35045.928 | G30: =+F30*$P$9 -> 10513.779 | H30: =+B31-B30 -> 29 | I30: =+(G30/F30)/H30 -> 0.010344828 | J30: =+F30*I30 -> 362.54409 | K30: =+J30/L30 -> 1.0344828 | L30: =+F30*$P$11 -> 350.45928 | M30: =+F30*$P$14 -> 350.45928 | N30: =+M30*$P$15 -> 2628.4446
... A36: 35 | B36: =DATE(YEAR(B35),MONTH(B35)+$P$8,DAY(B35)) -> 46986 | C36: =DATE(YEAR(B36),MONTH(B36)+$P$8-1,DAY(B36)) -> 46986 | D36: =+F35+G35 -> 91636.844 | E36: =+G35*$P$10 -> 10573.482 | F36: =+F35+G35-E36 -> 81063.362 | G36: =+F36*$P$9 -> 24319.009 | H36: =+B37-B36 -> 31 | I36: =+(G36/F36)/H36 -> 0.0096774194 | J36: =+F36*I36 -> 784.48415 | K36: =+J36/L36 -> 0.96774194 | L36: =+F36*$P$11 -> 810.63362 | M36: =+F36*$P$14 -> 810.63362 | N36: =+M36*$P$15 -> 6079.7522
A37: 36 | B37: =DATE(YEAR(B36),MONTH(B36)+$P$8,DAY(B36)) -> 47017 | C37: =DATE(YEAR(B37),MONTH(B37)+$P$8-1,DAY(B37)) -> 47017 | D37: =+F36+G36 -> 105382.37 | E37: =+G36*$P$10 -> 12159.504 | F37: =+F36+G36-E37 -> 93222.866 | G37: =+F37*$P$9 -> 27966.86 | J37: =+F37*I37 -> 0 | K37: =+J37/L37 -> 0 | L37: =+F37*$P$11 -> 932.22866 | M37: =+F37*$P$14 -> 932.22866 | N37: =+M37*$P$15 -> 6991.715

Sheet Torta
A1: Inversionistas | B1: Monto Inicial | C1: % | D1: Monto Final | E1: %
A2: Total | B2: =SUM(B4:B8) -> 297.69891 | C2: =SUM(C4:C8) -> 1 | D2: =#REF!+0 -> #REF! | E2: =(D2-B2)/B2 -> #REF!
A4: Ysi | B4: 5.4938696 | C4: =B4/$B$2 -> 0.01845445 | D4: =$D$2*C4 -> #REF!
A5: Roso | B5: 5.722941 | C5: =B5/$B$2 -> 0.019223923 | D5: =$D$2*C5 -> #REF!
A6: Sarahi | B6: 29.972097 | C6: =B6/$B$2 -> 0.10067923 | D6: =$D$2*C6 -> #REF!
A7: Franklin | B7: 256.51 | C7: =B7/$B$2 -> 0.8616424 | D7: =$D$2*C7 -> #REF!
A9: Validacion | B9: =B2-SUM(B4:B8) -> 0 | D9: =D2-SUM(D4:D8) -> #REF!
E10: 0.8 | F10: Monto
A11: =A4 -> Ysi | B11: =B4 -> 5.4938696 | C11: =D11-B11 -> #REF! | D11: =D4 -> #REF! | E11: =C11*1 -> #REF! | F11: =B11+E11 -> #REF!
A12: =A5 -> Roso | B12: =B5 -> 5.722941 | C12: =D12-B12 -> #REF! | D12: =D5 -> #REF! | E12: =C12*1 -> #REF! | F12: =B12+E12 -> #REF!
A13: =A6 -> Sarahi | B13: =B6 -> 29.972097 | C13: =D13-B13 -> #REF! | D13: =D6 -> #REF! | E13: =C13*0.8 -> #REF! | F13: =B13+E13 -> #REF!
A14: =A7 -> Franklin | B14: =B7 -> 256.51 | C14: =D14-B14 -> #REF! | D14: =D7 -> #REF! | E14: =C14*1 -> #REF! | F14: =B14+E14 -> #REF!
D28: 26.382633 | E28: 20
C29: 0.54514024 | D29: 14.382235 | E29: =$E$28*C29 -> 10.902805
C30: 0.45485976 | D30: 12.000398 | E30: =$E$28*C30 -> 9.0971952

Sheet Redobla
A1: Apuesta | B1: Cuota | C1: Beneficio Neto | D1: Yield | E1: $ | G1: Apuesta | H1: Cuota | I1: Beneficio Neto | J1: Yield | K1: $
A2: 2.98 | B2: 1.36 | C2: =(A2*B2)-A2 -> 1.0728 | D2: =SUM(C$2:$C2)/SUM(A$2:$A2) -> 0.36 | E2: =C2 -> 1.0728 | F2: 44192 | G2: 3 | H2: 1.21 | I2: =(G2*H2)-G2 -> 0.63 | J2: =SUM($I$2:I2)/SUM($G$2:G2) -> 0.21 | K2: =I2 -> 0.63 | L2: 1
A3: =A2+C2 -> 4.0528 | B3: 1 | C3: =(A3*B3)-A3 -> 0 | D3: =SUM(C$2:$C3)/SUM(A$2:$A3) -> 0.15254237 | E3: =E2+C3 -> 1.0728 | G3: =G2+I2 -> 3.63 | H3: 1 | I3: =(G3*H3)-G3 -> 0 | J3: =SUM($I$2:I3)/SUM($G$2:G3) -> 0.095022624 | K3: =K2+I3 -> 0.63 | L3: 2 | M3: 1,71*3
A4: =A3+C3 -> 4.0528 | B4: 1 | C4: =(A4*B4)-A4 -> 0 | D4: =SUM(C$2:$C4)/SUM(A$2:$A4) -> 0.096774194 | E4: =E3+C4 -> 1.0728 | G4: =G3+I3 -> 3.63 | H4: 1 | I4: =(G4*H4)-G4 -> 0 | J4: =SUM($I$2:I4)/SUM($G$2:G4) -> 0.061403509 | K4: =K3+I4 -> 0.63 | L4: 3
A5: =A4+C4 -> 4.0528 | B5: 1 | C5: =(A5*B5)-A5 -> 0 | D5: =SUM(C$2:$C5)/SUM(A$2:$A5) -> 0.070866142 | E5: =E4+C5 -> 1.0728 | G5: =G4+I4 -> 3.63 | H5: 1 | I5: =(G5*H5)-G5 -> 0 | J5: =SUM($I$2:I5)/SUM($G$2:G5) -> 0.045356371 | K5: =K4+I5 -> 0.63 | L5: 4
A6: =A5+C5 -> 4.0528 | B6: 1 | C6: =(A6*B6)-A6 -> 0 | D6: =SUM(C$2:$C6)/SUM(A$2:$A6) -> 0.055900621 | E6: =E5+C6 -> 1.0728 | G6: =G2*1/2 -> 1.5 | H6: 1 | I6: =(G6*H6)-G6 -> 0 | J6: =SUM($I$2:I6)/SUM($G$2:G6) -> 0.040935673 | K6: =K5+I6 -> 0.63 | L6: 5
A7: =A6+C6 -> 4.0528 | B7: 1 | C7: =(A7*B7)-A7 -> 0 | D7: =SUM(C$2:$C7)/SUM(A$2:$A7) -> 0.046153846 | E7: =E6+C7 -> 1.0728 | G7: =G6+I6 -> 1.5 | H7: 1 | I7: =(G7*H7)-G7 -> 0 | J7: =SUM($I$2:I7)/SUM($G$2:G7) -> 0.037300178 | K7: =K6+I7 -> 0.63 | L7: 6
A8: =A7+C7 -> 4.0528 | B8: 1 | C8: =(A8*B8)-A8 -> 0 | D8: =SUM(C$2:$C8)/SUM(A$2:$A8) -> 0.03930131 | E8: =E7+C8 -> 1.0728 | G8: =G7+I7 -> 1.5 | H8: 1 | I8: =(G8*H8)-G8 -> 0 | J8: =SUM($I$2:I8)/SUM($G$2:G8) -> 0.034257749 | K8: =K7+I8 -> 0.63 | L8: 7
A9: =A8+C8 -> 4.0528 | B9: 1 | C9: =(A9*B9)-A9 -> 0 | D9: =SUM(C$2:$C9)/SUM(A$2:$A9) -> 0.034220532 | E9: =E8+C9 -> 1.0728 | G9: =G6*2 -> 3 | H9: 1 | I9: =(G9*H9)-G9 -> 0 | J9: =SUM($I$2:I9)/SUM($G$2:G9) -> 0.029453015 | K9: =K8+I9 -> 0.63 | L9: 8
A10: =A9+C9 -> 4.0528 | B10: 1 | C10: =(A10*B10)-A10 -> 0 | D10: =SUM(C$2:$C10)/SUM(A$2:$A10) -> 0.03030303 | E10: =E9+C10 -> 1.0728 | G10: =G9+I9 -> 3 | H10: 1 | I10: =(G10*H10)-G10 -> 0 | J10: =SUM($I$2:I10)/SUM($G$2:G10) -> 0.025830258 | K10: =K9+I10 -> 0.63 | L10: 9
A11: =A10+C10 -> 4.0528 | B11: 1 | C11: =(A11*B11)-A11 -> 0 | D11: =SUM(C$2:$C11)/SUM(A$2:$A11) -> 0.027190332 | E11: =E10+C11 -> 1.0728 | G11: =G10+I10 -> 3 | H11: 1 | I11: =(G11*H11)-G11 -> 0 | J11: =SUM($I$2:I11)/SUM($G$2:G11) -> 0.023001095 | K11: =K10+I11 -> 0.63 | L11: 10
